student_id,study_hours,attendance,assignment_completion,quiz_average,sleep_hours,phone_usage,dsa_problems,exam_days_remaining,final_score,risk_score,risk_level
S0001,5.4,95.0,65.0,43.0,5.96,4.44,13.0,39,62.0,2,MEDIUM
S0002,4.3,89.0,73.0,59.0,6.96,4.37,22.0,52,72.0,1,LOW
S0003,5.7,79.0,63.0,66.0,7.02,1.01,16.0,9,62.0,2,MEDIUM
S0004,7.2,70.0,70.0,100.0,7.57,4.67,24.0,41,75.0,1,LOW
S0005,4.1,86.0,47.0,80.0,5.36,7.33,31.0,8,57.0,1,LOW
S0006,4.1,83.0,78.0,52.0,7.71,2.31,52.0,14,66.0,1,LOW
S0007,7.3,89.0,75.0,79.0,3.75,8.12,29.0,33,76.0,0,LOW
S0008,5.9,86.0,63.0,49.0,6.24,6.72,3.0,23,45.0,2,MEDIUM
S0009,3.7,91.0,85.0,88.0,6.41,3.66,58.0,21,69.0,0,LOW
S0010,5.5,72.0,89.0,65.0,7.76,5.15,18.0,55,69.0,2,MEDIUM
S0011,3.7,94.0,51.0,71.0,7.03,9.5,34.0,12,55.0,1,LOW
S0012,3.7,80.0,64.0,92.0,5.31,7.33,44.0,57,59.0,1,LOW
S0013,4.9,100.0,63.0,53.0,5.82,5.52,39.0,2,69.0,2,MEDIUM
S0014,1.1,70.0,61.0,51.0,7.24,4.91,57.0,13,42.0,4,HIGH
S0015,1.4,99.0,87.0,63.0,6.91,5.69,45.0,59,61.0,2,MEDIUM
S0016,3.5,80.0,72.0,88.0,6.31,4.22,18.0,4,64.0,0,LOW
S0017,2.7,70.0,71.0,49.0,6.42,0.5,79.0,20,51.0,2,MEDIUM
S0018,5.1,72.0,45.0,30.0,7.84,10.61,39.0,50,44.0,3,HIGH
S0019,2.9,74.0,85.0,65.0,6.38,5.89,32.0,51,62.0,2,MEDIUM
S0020,2.0,83.0,56.0,80.0,6.89,6.5,54.0,48,55.0,1,LOW
S0021,7.1,84.0,76.0,90.0,9.6,5.36,40.0,59,76.0,0,LOW
S0022,4.1,71.0,79.0,65.0,5.29,3.66,43.0,14,66.0,2,MEDIUM
S0023,4.6,78.0,95.0,66.0,4.78,5.04,85.0,30,61.0,1,LOW
S0024,1.9,100.0,55.0,89.0,7.94,1.5,29.0,29,57.0,2,MEDIUM
S0025,3.5,99.0,30.0,44.0,6.19,11.19,29.0,8,43.0,2,MEDIUM
S0026,4.7,83.0,78.0,66.0,6.62,2.41,37.0,12,63.0,1,LOW
S0027,2.4,78.0,100.0,75.0,6.06,2.92,56.0,41,66.0,0,LOW
S0028,5.2,79.0,94.0,79.0,6.69,4.4,5.0,38,76.0,0,LOW
S0029,3.4,85.0,78.0,64.0,8.92,8.72,0.0,26,52.0,1,LOW
S0030,4.0,66.0,68.0,73.0,7.96,5.54,23.0,50,70.0,2,MEDIUM
S0031,3.4,75.0,87.0,35.0,8.03,2.41,2.0,2,40.0,1,LOW
S0032,7.8,58.0,60.0,62.0,5.3,8.64,27.0,55,47.0,3,HIGH
S0033,4.5,83.0,82.0,79.0,5.62,7.33,45.0,40,74.0,0,LOW
S0034,2.6,86.0,83.0,57.0,3.59,6.85,17.0,56,50.0,1,LOW
S0035,6.0,72.0,91.0,73.0,6.03,7.29,6.0,14,62.0,1,LOW
S0036,2.3,97.0,100.0,79.0,8.15,11.49,36.0,6,73.0,0,LOW
S0037,4.9,63.0,81.0,67.0,7.62,10.96,52.0,42,59.0,2,MEDIUM
S0038,1.0,60.0,67.0,75.0,6.73,3.78,1.0,40,54.0,3,HIGH
S0039,2.1,81.0,75.0,58.0,6.97,9.56,51.0,31,50.0,1,LOW
S0040,4.9,91.0,48.0,69.0,6.17,6.46,51.0,17,63.0,2,MEDIUM
S0041,5.8,98.0,65.0,81.0,7.25,6.75,54.0,25,69.0,1,LOW
S0042,4.8,72.0,69.0,74.0,7.92,1.27,59.0,32,62.0,2,MEDIUM
S0043,4.3,91.0,67.0,63.0,5.06,5.07,79.0,12,76.0,2,MEDIUM
S0044,4.0,78.0,77.0,75.0,7.36,3.47,28.0,49,71.0,0,LOW
S0045,1.8,76.0,63.0,83.0,8.12,7.57,37.0,13,52.0,2,MEDIUM
S0046,3.2,89.0,92.0,41.0,6.5,8.18,27.0,19,54.0,1,LOW
S0047,3.7,86.0,75.0,89.0,7.84,0.5,35.0,44,80.0,0,LOW
S0048,6.4,59.0,75.0,67.0,10.38,5.44,66.0,48,62.0,2,MEDIUM
S0049,5.1,96.0,70.0,78.0,6.87,8.3,8.0,25,59.0,0,LOW
S0050,1.3,95.0,77.0,90.0,7.47,5.03,18.0,31,66.0,1,LOW
S0051,5.1,70.0,87.0,51.0,6.11,7.32,63.0,59,77.0,2,MEDIUM
S0052,3.8,83.0,62.0,61.0,7.22,6.38,55.0,37,58.0,2,MEDIUM
S0053,3.3,84.0,65.0,68.0,7.55,6.35,28.0,25,63.0,2,MEDIUM
S0054,5.6,81.0,70.0,60.0,7.23,4.82,52.0,16,58.0,1,LOW
S0055,6.4,71.0,55.0,98.0,5.78,2.46,42.0,57,75.0,2,MEDIUM
S0056,6.2,70.0,63.0,59.0,7.25,2.7,65.0,38,62.0,3,HIGH
S0057,3.0,78.0,68.0,64.0,8.75,7.27,36.0,43,67.0,2,MEDIUM
S0058,3.9,92.0,88.0,75.0,7.54,5.55,56.0,49,80.0,0,LOW
S0059,5.1,85.0,79.0,54.0,8.15,5.15,88.0,58,81.0,1,LOW
S0060,6.3,74.0,78.0,66.0,6.72,4.44,47.0,23,64.0,2,MEDIUM
S0061,3.6,87.0,88.0,77.0,7.9,4.74,36.0,14,69.0,0,LOW
S0062,4.2,44.0,73.0,67.0,7.34,8.12,49.0,6,59.0,2,MEDIUM
S0063,2.5,92.0,81.0,71.0,5.86,4.66,28.0,25,58.0,0,LOW
S0064,2.3,57.0,73.0,64.0,7.38,2.15,83.0,23,60.0,2,MEDIUM
S0065,6.0,74.0,79.0,49.0,5.81,7.36,39.0,60,66.0,2,MEDIUM
S0066,6.9,65.0,66.0,77.0,6.24,4.99,30.0,43,64.0,2,MEDIUM
S0067,4.4,62.0,38.0,98.0,7.23,5.58,18.0,12,54.0,2,MEDIUM
S0068,6.3,92.0,73.0,72.0,7.36,9.52,57.0,13,66.0,0,LOW
S0069,5.2,72.0,96.0,75.0,5.57,5.45,52.0,36,65.0,1,LOW
S0070,3.3,82.0,89.0,82.0,8.26,6.22,25.0,39,72.0,0,LOW
S0071,5.2,77.0,89.0,53.0,7.69,2.55,47.0,34,62.0,1,LOW
S0072,7.3,84.0,94.0,98.0,6.15,4.95,5.0,6,77.0,0,LOW
S0073,4.4,79.0,76.0,75.0,5.15,7.02,39.0,38,68.0,0,LOW
S0074,7.3,63.0,78.0,96.0,6.83,1.61,44.0,50,80.0,1,LOW
S0075,0.5,90.0,66.0,61.0,6.46,6.0,69.0,52,50.0,3,HIGH
S0076,6.0,72.0,70.0,99.0,7.14,5.75,20.0,40,77.0,1,LOW
S0077,4.7,59.0,84.0,84.0,6.56,5.6,9.0,8,62.0,1,LOW
S0078,4.0,73.0,93.0,80.0,4.59,8.09,17.0,8,53.0,1,LOW
S0079,4.7,96.0,73.0,76.0,6.53,6.34,8.0,40,73.0,0,LOW
S0080,0.9,88.0,68.0,68.0,6.63,9.2,62.0,33,49.0,3,HIGH
S0081,4.1,74.0,75.0,90.0,7.76,3.02,66.0,34,68.0,1,LOW
S0082,5.1,74.0,84.0,74.0,6.16,5.84,41.0,44,64.0,1,LOW
S0083,7.2,74.0,53.0,42.0,9.01,5.71,59.0,15,58.0,3,HIGH
S0084,3.6,100.0,41.0,55.0,4.71,2.83,38.0,36,51.0,2,MEDIUM
S0085,3.0,83.0,67.0,69.0,8.57,7.89,33.0,60,63.0,2,MEDIUM
S0086,3.6,83.0,57.0,77.0,6.73,11.31,28.0,57,66.0,1,LOW
S0087,6.1,90.0,67.0,71.0,8.03,5.46,29.0,35,63.0,1,LOW
S0088,5.1,81.0,73.0,90.0,7.1,6.76,4.0,46,62.0,0,LOW
S0089,3.5,75.0,68.0,43.0,8.37,5.71,40.0,22,48.0,2,MEDIUM
S0090,5.4,76.0,97.0,74.0,6.54,3.72,34.0,23,76.0,0,LOW
S0091,4.7,77.0,80.0,45.0,5.68,0.95,50.0,40,61.0,1,LOW
S0092,6.2,78.0,80.0,83.0,8.7,3.74,37.0,45,71.0,0,LOW
S0093,3.2,87.0,84.0,71.0,6.86,2.02,32.0,55,58.0,0,LOW
S0094,3.9,79.0,58.0,78.0,7.27,9.76,18.0,51,43.0,1,LOW
S0095,3.8,87.0,91.0,59.0,8.48,5.21,36.0,22,58.0,1,LOW
S0096,1.9,77.0,74.0,91.0,5.76,4.64,50.0,5,72.0,1,LOW
S0097,5.0,79.0,85.0,88.0,7.71,7.72,12.0,31,72.0,0,LOW
S0098,5.0,54.0,59.0,81.0,6.29,2.7,37.0,13,61.0,2,MEDIUM
S0099,4.5,89.0,52.0,70.0,6.84,3.58,40.0,28,65.0,1,LOW
S0100,4.1,82.0,87.0,81.0,7.09,5.67,21.0,58,60.0,0,LOW
S0101,2.0,90.0,81.0,61.0,5.2,8.07,23.0,20,56.0,1,LOW
S0102,3.7,43.0,61.0,85.0,6.07,6.75,40.0,33,46.0,2,MEDIUM
S0103,3.9,100.0,62.0,97.0,8.62,6.12,12.0,16,70.0,1,LOW
S0104,3.1,76.0,92.0,88.0,8.06,5.7,42.0,29,71.0,0,LOW
S0105,4.2,91.0,57.0,61.0,6.92,6.5,17.0,23,57.0,2,MEDIUM
S0106,5.2,66.0,100.0,77.0,7.29,6.0,56.0,24,81.0,1,LOW
S0107,7.9,85.0,61.0,53.0,6.65,2.93,82.0,34,75.0,2,MEDIUM
S0108,4.8,65.0,85.0,81.0,8.63,5.62,18.0,7,59.0,1,LOW
S0109,5.0,71.0,70.0,79.0,6.76,2.82,46.0,38,75.0,1,LOW
S0110,4.4,100.0,84.0,44.0,7.28,5.7,20.0,37,58.0,1,LOW
S0111,1.0,76.0,67.0,55.0,8.38,4.3,56.0,4,39.0,3,HIGH
S0112,4.5,81.0,73.0,68.0,6.07,11.85,10.0,34,56.0,1,LOW
S0113,4.6,88.0,76.0,67.0,8.87,5.4,45.0,42,69.0,1,LOW
S0114,8.9,84.0,60.0,54.0,5.16,1.99,18.0,22,61.0,2,MEDIUM
S0115,4.2,80.0,86.0,78.0,8.96,5.16,31.0,5,76.0,0,LOW
S0116,5.0,82.0,67.0,76.0,6.55,6.8,14.0,50,57.0,1,LOW
S0117,4.4,100.0,72.0,69.0,6.71,9.68,51.0,42,62.0,1,LOW
S0118,2.4,77.0,60.0,61.0,4.73,4.03,18.0,23,47.0,2,MEDIUM
S0119,6.6,80.0,37.0,88.0,6.45,1.54,46.0,54,58.0,1,LOW
S0120,5.9,91.0,72.0,97.0,5.75,7.54,28.0,60,69.0,0,LOW
S0121,5.9,91.0,100.0,65.0,6.27,2.05,33.0,15,71.0,1,LOW
S0122,2.9,92.0,87.0,63.0,6.84,4.41,38.0,31,63.0,1,LOW
S0123,7.0,86.0,75.0,79.0,8.15,4.86,20.0,59,54.0,0,LOW
S0124,2.0,64.0,71.0,67.0,7.25,5.33,39.0,9,58.0,2,MEDIUM
S0125,5.6,98.0,75.0,70.0,7.37,7.22,66.0,43,76.0,0,LOW
S0126,8.4,64.0,83.0,83.0,5.69,3.79,19.0,58,83.0,1,LOW
S0127,2.7,82.0,57.0,43.0,5.94,4.82,58.0,53,41.0,2,MEDIUM
S0128,3.5,69.0,92.0,92.0,9.16,5.46,65.0,25,72.0,1,LOW
S0129,4.7,77.0,86.0,73.0,6.12,5.87,19.0,25,71.0,0,LOW
S0130,3.6,82.0,86.0,66.0,8.99,5.74,6.0,49,66.0,1,LOW
S0131,1.7,82.0,82.0,71.0,6.71,6.59,41.0,21,68.0,1,LOW
S0132,4.6,83.0,75.0,71.0,7.0,7.61,24.0,9,63.0,0,LOW
S0133,2.6,97.0,85.0,46.0,8.28,6.48,72.0,55,60.0,1,LOW
S0134,5.4,83.0,84.0,94.0,8.53,6.63,36.0,48,66.0,0,LOW
S0135,2.8,75.0,70.0,73.0,6.87,1.54,19.0,38,65.0,0,LOW
S0136,7.3,90.0,66.0,79.0,6.53,5.63,12.0,22,68.0,1,LOW
S0137,3.1,92.0,77.0,86.0,6.93,6.7,57.0,43,69.0,0,LOW
S0138,3.9,63.0,98.0,57.0,7.41,7.32,24.0,23,59.0,2,MEDIUM
S0139,6.0,85.0,56.0,79.0,8.07,3.77,36.0,49,53.0,1,LOW
S0140,2.3,86.0,53.0,68.0,7.01,3.85,54.0,4,51.0,2,MEDIUM
S0141,4.9,74.0,77.0,85.0,7.74,4.06,25.0,29,71.0,1,LOW
S0142,6.9,95.0,76.0,40.0,8.97,6.84,34.0,15,62.0,1,LOW
S0143,1.6,76.0,78.0,71.0,7.46,8.08,35.0,1,58.0,1,LOW
S0144,4.8,80.0,79.0,63.0,7.37,4.48,49.0,54,70.0,1,LOW
S0145,5.0,76.0,72.0,78.0,5.18,7.77,47.0,30,61.0,0,LOW
S0146,5.9,78.0,97.0,79.0,3.84,5.81,31.0,29,72.0,0,LOW
S0147,2.3,65.0,51.0,61.0,7.47,5.19,36.0,20,47.0,3,HIGH
S0148,2.1,61.0,63.0,61.0,6.89,4.97,28.0,33,53.0,3,HIGH
S0149,5.4,97.0,73.0,70.0,6.38,7.37,5.0,41,63.0,0,LOW
S0150,5.0,68.0,50.0,59.0,7.29,6.31,40.0,44,43.0,3,HIGH
S0151,5.0,66.0,72.0,85.0,6.93,11.19,73.0,36,66.0,1,LOW
S0152,5.1,52.0,100.0,66.0,8.35,3.37,17.0,60,70.0,2,MEDIUM
S0153,3.3,70.0,75.0,28.0,7.1,6.8,20.0,22,53.0,2,MEDIUM
S0154,4.9,62.0,78.0,66.0,6.1,4.18,18.0,13,62.0,2,MEDIUM
S0155,5.0,98.0,56.0,56.0,8.19,3.33,49.0,7,52.0,2,MEDIUM
S0156,3.2,90.0,66.0,48.0,6.74,5.47,44.0,8,52.0,2,MEDIUM
S0157,7.9,70.0,69.0,53.0,7.63,5.84,32.0,28,67.0,3,HIGH
S0158,5.4,100.0,70.0,74.0,6.43,12.0,17.0,45,69.0,0,LOW
S0159,2.4,90.0,94.0,92.0,6.22,5.04,37.0,43,75.0,0,LOW
S0160,5.7,74.0,83.0,77.0,7.1,2.67,4.0,9,67.0,1,LOW
S0161,2.7,48.0,58.0,63.0,7.02,6.18,38.0,25,53.0,3,HIGH
S0162,5.9,100.0,79.0,79.0,7.58,0.5,52.0,56,74.0,0,LOW
S0163,6.6,61.0,82.0,65.0,6.68,5.27,10.0,16,65.0,2,MEDIUM
S0164,3.0,58.0,92.0,62.0,4.8,5.54,4.0,10,60.0,2,MEDIUM
S0165,6.2,90.0,99.0,55.0,6.48,7.49,67.0,11,77.0,1,LOW
S0166,5.2,100.0,60.0,46.0,7.95,7.93,23.0,31,59.0,2,MEDIUM
S0167,6.0,95.0,63.0,66.0,6.64,4.24,58.0,12,72.0,2,MEDIUM
S0168,7.9,85.0,56.0,74.0,6.7,5.12,32.0,60,63.0,1,LOW
S0169,4.1,85.0,71.0,71.0,8.18,3.58,32.0,31,64.0,0,LOW
S0170,3.1,88.0,82.0,66.0,6.15,2.68,44.0,14,59.0,1,LOW
S0171,2.9,87.0,90.0,58.0,5.15,6.27,17.0,51,57.0,1,LOW
S0172,3.0,81.0,74.0,81.0,6.81,2.32,38.0,44,58.0,0,LOW
S0173,4.4,79.0,70.0,52.0,6.42,4.46,27.0,32,58.0,1,LOW
S0174,5.1,77.0,77.0,84.0,5.84,3.01,9.0,50,56.0,0,LOW
S0175,5.0,69.0,62.0,57.0,6.79,6.87,42.0,53,60.0,3,HIGH
S0176,6.0,75.0,100.0,61.0,7.59,10.0,30.0,17,68.0,1,LOW
S0177,4.5,58.0,51.0,50.0,6.99,2.25,32.0,35,61.0,3,HIGH
S0178,7.1,77.0,78.0,64.0,7.37,0.87,11.0,1,67.0,1,LOW
S0179,4.0,66.0,100.0,87.0,9.18,5.19,67.0,29,74.0,1,LOW
S0180,9.4,65.0,75.0,80.0,6.59,5.54,53.0,51,83.0,1,LOW
S0181,5.6,80.0,72.0,87.0,7.33,6.05,54.0,4,72.0,0,LOW
S0182,3.0,95.0,70.0,80.0,6.39,4.38,29.0,23,66.0,0,LOW
S0183,2.6,89.0,72.0,55.0,5.98,5.0,0.0,28,58.0,1,LOW
S0184,5.4,59.0,96.0,67.0,6.3,6.42,74.0,16,69.0,2,MEDIUM
S0185,4.1,66.0,42.0,60.0,6.43,8.1,34.0,12,55.0,3,HIGH
S0186,5.8,89.0,98.0,92.0,7.43,0.61,20.0,53,72.0,0,LOW
S0187,5.4,66.0,54.0,54.0,9.82,4.58,43.0,21,65.0,3,HIGH
S0188,4.4,75.0,71.0,85.0,6.14,6.03,58.0,45,58.0,0,LOW
S0189,3.0,85.0,69.0,85.0,6.5,3.21,35.0,17,73.0,1,LOW
S0190,1.8,66.0,84.0,99.0,6.92,9.83,61.0,40,55.0,2,MEDIUM
S0191,3.7,79.0,51.0,66.0,7.47,3.91,57.0,13,69.0,2,MEDIUM
S0192,6.0,62.0,82.0,83.0,7.32,5.4,13.0,52,69.0,1,LOW
S0193,4.9,71.0,100.0,100.0,8.54,6.89,22.0,58,71.0,1,LOW
S0194,2.3,82.0,55.0,63.0,4.09,4.02,54.0,32,65.0,2,MEDIUM
S0195,4.8,59.0,78.0,49.0,4.14,0.88,0.0,37,48.0,2,MEDIUM
S0196,5.2,83.0,65.0,44.0,6.4,4.43,32.0,50,55.0,2,MEDIUM
S0197,2.9,78.0,81.0,83.0,8.32,8.07,6.0,15,76.0,0,LOW
S0198,4.8,85.0,75.0,44.0,5.12,4.66,25.0,12,59.0,1,LOW
S0199,4.6,81.0,65.0,66.0,3.39,3.38,29.0,49,49.0,2,MEDIUM
S0200,2.4,94.0,82.0,79.0,7.69,7.81,28.0,57,62.0,0,LOW
S0201,5.1,80.0,100.0,75.0,7.29,4.67,24.0,15,70.0,0,LOW
S0202,5.5,73.0,72.0,78.0,5.69,4.22,13.0,34,66.0,1,LOW
S0203,6.4,79.0,86.0,75.0,5.82,5.87,81.0,6,77.0,0,LOW
S0204,6.4,85.0,56.0,91.0,5.84,7.43,72.0,17,77.0,1,LOW
S0205,2.0,79.0,61.0,58.0,7.13,11.45,12.0,48,36.0,2,MEDIUM
S0206,2.8,78.0,82.0,62.0,6.25,7.57,67.0,49,57.0,1,LOW
S0207,5.4,70.0,97.0,60.0,7.59,8.4,27.0,57,67.0,2,MEDIUM
S0208,5.4,70.0,80.0,84.0,3.57,4.24,38.0,20,66.0,1,LOW
S0209,5.4,61.0,70.0,86.0,5.97,2.94,34.0,9,74.0,1,LOW
S0210,10.0,99.0,75.0,79.0,5.65,5.66,22.0,59,77.0,0,LOW
S0211,5.5,63.0,56.0,90.0,6.69,5.77,55.0,5,68.0,2,MEDIUM
S0212,6.5,70.0,84.0,54.0,6.35,2.8,38.0,23,66.0,2,MEDIUM
S0213,6.2,69.0,88.0,97.0,7.96,5.06,25.0,33,71.0,1,LOW
S0214,5.7,89.0,68.0,95.0,4.77,6.5,9.0,38,71.0,1,LOW
S0215,3.9,74.0,68.0,83.0,7.05,6.4,17.0,56,53.0,2,MEDIUM
S0216,5.9,93.0,79.0,99.0,7.67,6.76,2.0,14,72.0,0,LOW
S0217,3.1,70.0,68.0,47.0,9.23,6.23,35.0,17,50.0,3,HIGH
S0218,4.1,81.0,74.0,64.0,6.42,4.23,11.0,57,51.0,1,LOW
S0219,3.6,68.0,100.0,61.0,7.39,4.22,30.0,19,67.0,2,MEDIUM
S0220,4.6,100.0,71.0,83.0,4.84,2.5,62.0,33,76.0,0,LOW
S0221,8.7,64.0,70.0,56.0,4.13,9.96,59.0,1,70.0,2,MEDIUM
S0222,1.1,82.0,65.0,83.0,8.01,5.53,34.0,13,57.0,2,MEDIUM
S0223,5.7,86.0,86.0,93.0,6.99,4.94,33.0,46,70.0,0,LOW
S0224,1.6,83.0,72.0,82.0,8.41,3.18,73.0,27,65.0,1,LOW
S0225,3.7,76.0,65.0,76.0,5.35,12.0,45.0,6,62.0,1,LOW
S0226,6.5,76.0,95.0,57.0,7.62,2.82,28.0,59,63.0,1,LOW
S0227,4.6,79.0,96.0,59.0,9.24,4.43,6.0,6,57.0,1,LOW
S0228,2.6,76.0,66.0,91.0,7.5,6.54,43.0,33,61.0,1,LOW
S0229,3.2,90.0,47.0,84.0,7.33,7.0,52.0,30,58.0,1,LOW
S0230,5.7,100.0,90.0,71.0,7.01,7.89,22.0,46,71.0,0,LOW
S0231,3.2,71.0,65.0,66.0,5.11,10.02,41.0,35,52.0,3,HIGH
S0232,4.9,62.0,87.0,42.0,8.63,6.77,28.0,23,56.0,2,MEDIUM
S0233,4.6,77.0,45.0,56.0,6.27,2.86,31.0,10,60.0,2,MEDIUM
S0234,3.3,100.0,88.0,100.0,7.61,4.86,0.0,51,76.0,0,LOW
S0235,8.4,68.0,57.0,53.0,5.12,6.27,31.0,19,62.0,3,HIGH
S0236,5.6,98.0,86.0,75.0,5.58,10.67,54.0,51,66.0,0,LOW
S0237,0.9,98.0,75.0,87.0,8.72,2.01,22.0,28,59.0,1,LOW
S0238,4.8,71.0,61.0,53.0,6.58,8.51,36.0,23,58.0,3,HIGH
S0239,3.3,85.0,69.0,75.0,8.74,5.95,20.0,4,57.0,1,LOW
S0240,6.0,98.0,85.0,86.0,6.91,7.59,42.0,20,71.0,0,LOW
S0241,3.1,73.0,77.0,72.0,4.79,5.25,31.0,19,73.0,1,LOW
S0242,4.3,76.0,84.0,100.0,8.07,3.39,16.0,42,82.0,0,LOW
S0243,5.4,71.0,100.0,47.0,6.29,7.38,62.0,27,65.0,2,MEDIUM
S0244,6.1,66.0,52.0,88.0,7.84,7.14,54.0,57,60.0,2,MEDIUM
S0245,2.3,70.0,99.0,69.0,7.03,7.93,23.0,34,64.0,2,MEDIUM
S0246,3.9,63.0,77.0,84.0,5.15,5.47,45.0,4,62.0,1,LOW
S0247,3.6,78.0,62.0,79.0,7.2,4.0,46.0,56,68.0,1,LOW
S0248,3.3,69.0,55.0,61.0,9.64,1.6,48.0,38,52.0,3,HIGH
S0249,7.7,81.0,72.0,75.0,7.59,7.55,1.0,7,78.0,0,LOW
S0250,5.2,59.0,89.0,44.0,6.93,6.56,55.0,48,56.0,2,MEDIUM
S0251,2.2,82.0,73.0,81.0,8.29,3.09,24.0,7,75.0,0,LOW
S0252,6.2,88.0,98.0,76.0,7.25,4.15,28.0,50,78.0,0,LOW
S0253,8.3,54.0,53.0,82.0,7.25,4.33,88.0,52,82.0,2,MEDIUM
S0254,6.4,82.0,75.0,88.0,5.69,1.79,41.0,26,73.0,0,LOW
S0255,1.8,93.0,56.0,78.0,7.28,3.46,27.0,26,49.0,2,MEDIUM
S0256,3.6,63.0,80.0,74.0,8.24,2.67,0.0,54,45.0,1,LOW
S0257,6.8,98.0,88.0,59.0,6.0,4.47,63.0,19,83.0,1,LOW
S0258,3.2,83.0,69.0,61.0,8.71,3.65,8.0,9,55.0,2,MEDIUM
S0259,5.3,70.0,36.0,90.0,6.89,1.43,15.0,20,53.0,2,MEDIUM
S0260,5.9,77.0,78.0,94.0,5.93,10.56,28.0,42,79.0,0,LOW
S0261,2.8,85.0,82.0,68.0,8.2,8.63,63.0,45,70.0,1,LOW
S0262,4.4,79.0,81.0,73.0,6.66,3.55,50.0,50,77.0,0,LOW
S0263,0.5,84.0,94.0,58.0,7.91,6.18,32.0,16,47.0,2,MEDIUM
S0264,2.7,67.0,59.0,90.0,6.65,6.54,41.0,54,67.0,2,MEDIUM
S0265,4.0,80.0,85.0,82.0,6.93,8.48,23.0,17,68.0,0,LOW
S0266,2.3,61.0,93.0,100.0,7.59,3.45,38.0,22,79.0,1,LOW
S0267,7.4,77.0,48.0,59.0,7.35,8.23,36.0,13,62.0,2,MEDIUM
S0268,1.9,67.0,80.0,66.0,4.61,4.13,54.0,12,59.0,3,HIGH
S0269,3.7,69.0,67.0,75.0,5.65,2.16,54.0,10,71.0,2,MEDIUM
S0270,4.7,93.0,74.0,82.0,8.12,7.31,45.0,1,75.0,0,LOW
S0271,7.1,91.0,80.0,69.0,6.84,8.73,28.0,32,77.0,1,LOW
S0272,1.9,85.0,68.0,59.0,6.37,11.97,50.0,30,48.0,3,HIGH
S0273,6.6,65.0,65.0,85.0,5.37,2.5,33.0,8,69.0,2,MEDIUM
S0274,4.5,74.0,76.0,83.0,5.7,7.25,13.0,21,54.0,1,LOW
S0275,2.7,93.0,59.0,58.0,4.57,4.48,27.0,22,50.0,2,MEDIUM
S0276,5.3,80.0,59.0,92.0,6.88,7.46,37.0,18,72.0,1,LOW
S0277,4.9,100.0,85.0,90.0,6.28,1.82,53.0,2,83.0,0,LOW
S0278,3.4,83.0,58.0,74.0,5.84,2.34,31.0,48,54.0,1,LOW
S0279,4.6,80.0,85.0,73.0,6.92,3.56,11.0,44,74.0,0,LOW
S0280,3.8,74.0,82.0,80.0,7.44,5.7,36.0,9,84.0,1,LOW
S0281,4.7,80.0,49.0,59.0,9.51,3.9,37.0,3,50.0,2,MEDIUM
S0282,5.7,76.0,65.0,72.0,5.19,7.15,39.0,54,63.0,1,LOW
S0283,7.4,86.0,93.0,40.0,8.39,8.07,53.0,26,64.0,1,LOW
S0284,2.3,89.0,60.0,85.0,8.17,7.0,55.0,21,61.0,1,LOW
S0285,8.3,69.0,68.0,49.0,6.07,9.55,23.0,30,62.0,3,HIGH
S0286,1.0,62.0,82.0,95.0,7.24,6.54,23.0,28,56.0,2,MEDIUM
S0287,4.2,56.0,87.0,67.0,6.45,2.46,14.0,36,59.0,2,MEDIUM
S0288,5.6,84.0,71.0,69.0,7.22,8.91,49.0,26,66.0,1,LOW
S0289,5.0,65.0,66.0,63.0,8.81,3.99,64.0,34,65.0,3,HIGH
S0290,3.4,52.0,96.0,68.0,7.73,7.78,29.0,8,69.0,2,MEDIUM
S0291,4.1,83.0,100.0,93.0,7.61,9.43,30.0,10,74.0,0,LOW
S0292,3.6,100.0,90.0,35.0,6.48,6.64,64.0,48,57.0,1,LOW
S0293,3.4,78.0,76.0,91.0,5.22,1.76,45.0,55,74.0,0,LOW
S0294,6.0,88.0,63.0,77.0,6.75,3.2,44.0,43,72.0,1,LOW
S0295,5.1,79.0,63.0,54.0,8.45,8.81,11.0,50,52.0,2,MEDIUM
S0296,3.3,77.0,83.0,56.0,5.17,5.08,49.0,54,63.0,1,LOW
S0297,6.1,89.0,81.0,97.0,5.73,5.7,16.0,14,74.0,0,LOW
S0298,5.1,75.0,96.0,58.0,7.15,7.4,12.0,40,60.0,1,LOW
S0299,6.0,81.0,85.0,55.0,5.82,7.24,28.0,55,53.0,1,LOW
S0300,5.6,82.0,52.0,89.0,6.05,6.2,23.0,15,63.0,1,LOW
S0301,3.0,70.0,91.0,77.0,6.49,4.98,31.0,17,54.0,1,LOW
S0302,3.5,90.0,60.0,58.0,5.36,4.72,6.0,53,49.0,2,MEDIUM
S0303,5.8,76.0,69.0,75.0,5.83,7.64,54.0,18,71.0,1,LOW
S0304,5.6,69.0,79.0,57.0,7.84,6.88,58.0,32,55.0,2,MEDIUM
S0305,4.5,84.0,100.0,89.0,5.43,4.86,0.0,38,72.0,0,LOW
S0306,4.7,67.0,100.0,88.0,5.08,8.21,55.0,23,75.0,1,LOW
S0307,6.8,78.0,84.0,80.0,6.24,5.18,19.0,46,72.0,0,LOW
S0308,3.4,78.0,72.0,77.0,7.88,3.37,52.0,23,62.0,0,LOW
S0309,5.5,91.0,83.0,98.0,6.76,3.6,34.0,35,81.0,0,LOW
S0310,4.1,84.0,88.0,72.0,6.44,3.05,36.0,39,71.0,0,LOW
S0311,4.1,78.0,70.0,54.0,7.05,4.82,31.0,15,56.0,1,LOW
S0312,6.5,88.0,100.0,79.0,4.91,8.58,59.0,53,77.0,0,LOW
S0313,6.0,95.0,78.0,100.0,7.59,3.49,10.0,24,83.0,0,LOW
S0314,6.0,85.0,82.0,57.0,7.46,5.97,47.0,28,59.0,1,LOW
S0315,6.8,78.0,85.0,67.0,6.51,3.86,57.0,16,78.0,1,LOW
S0316,4.5,62.0,81.0,78.0,8.21,4.85,49.0,16,69.0,1,LOW
S0317,5.7,65.0,88.0,71.0,5.65,1.72,81.0,40,76.0,1,LOW
S0318,3.9,74.0,66.0,57.0,8.35,4.95,24.0,39,54.0,3,HIGH
S0319,5.1,71.0,67.0,89.0,7.19,5.02,54.0,6,58.0,2,MEDIUM
S0320,4.3,76.0,58.0,100.0,6.6,6.85,33.0,2,75.0,1,LOW
S0321,4.7,79.0,82.0,75.0,6.98,6.06,60.0,54,75.0,0,LOW
S0322,5.6,84.0,87.0,58.0,6.87,2.5,35.0,13,62.0,1,LOW
S0323,3.0,77.0,82.0,49.0,8.46,8.21,27.0,44,57.0,1,LOW
S0324,8.3,84.0,100.0,76.0,5.71,6.03,61.0,47,85.0,0,LOW
S0325,2.7,79.0,75.0,89.0,6.08,6.0,25.0,59,60.0,0,LOW
S0326,2.3,54.0,85.0,79.0,8.24,5.48,7.0,9,64.0,1,LOW
S0327,6.6,67.0,59.0,72.0,6.29,4.21,25.0,34,61.0,2,MEDIUM
S0328,5.9,76.0,69.0,63.0,8.08,6.04,47.0,17,72.0,2,MEDIUM
S0329,5.6,63.0,85.0,56.0,9.04,6.69,63.0,27,68.0,2,MEDIUM
S0330,5.6,85.0,88.0,85.0,6.52,1.13,37.0,29,83.0,0,LOW
S0331,4.5,96.0,71.0,86.0,7.82,4.15,61.0,37,77.0,0,LOW
S0332,2.9,93.0,74.0,49.0,5.62,4.86,8.0,43,56.0,1,LOW
S0333,4.6,75.0,52.0,96.0,7.91,6.14,26.0,22,65.0,1,LOW
S0334,3.3,96.0,70.0,81.0,7.24,8.48,29.0,51,59.0,0,LOW
S0335,6.3,80.0,88.0,93.0,7.57,3.57,33.0,24,80.0,0,LOW
S0336,4.2,74.0,84.0,52.0,6.23,4.26,37.0,7,65.0,2,MEDIUM
S0337,3.0,71.0,83.0,52.0,5.01,4.22,49.0,34,62.0,2,MEDIUM
S0338,3.9,74.0,76.0,70.0,7.6,3.5,26.0,48,65.0,1,LOW
S0339,5.2,73.0,75.0,80.0,4.52,4.63,38.0,12,56.0,1,LOW
S0340,3.5,80.0,65.0,99.0,6.62,7.43,34.0,23,65.0,1,LOW
S0341,3.0,80.0,85.0,83.0,8.13,2.87,16.0,15,64.0,0,LOW
S0342,4.9,78.0,81.0,68.0,7.23,6.57,33.0,33,58.0,1,LOW
S0343,4.9,83.0,82.0,57.0,9.34,1.25,32.0,57,70.0,1,LOW
S0344,3.6,92.0,67.0,90.0,8.23,4.1,32.0,13,56.0,1,LOW
S0345,3.7,89.0,43.0,58.0,6.22,4.68,36.0,23,57.0,2,MEDIUM
S0346,4.9,60.0,91.0,96.0,7.03,9.69,37.0,38,80.0,1,LOW
S0347,1.9,47.0,68.0,68.0,6.94,4.81,26.0,32,48.0,4,HIGH
S0348,2.0,89.0,62.0,96.0,5.1,0.5,60.0,45,68.0,1,LOW
S0349,3.2,62.0,85.0,82.0,5.87,0.5,12.0,50,70.0,1,LOW
S0350,4.1,75.0,69.0,70.0,6.33,5.59,21.0,35,54.0,1,LOW
S0351,5.1,64.0,91.0,64.0,4.56,7.03,91.0,1,74.0,2,MEDIUM
S0352,7.2,56.0,84.0,67.0,7.06,6.44,14.0,47,60.0,2,MEDIUM
S0353,6.0,84.0,85.0,78.0,6.7,5.92,8.0,58,63.0,0,LOW
S0354,4.2,87.0,55.0,73.0,4.99,8.41,50.0,45,62.0,1,LOW
S0355,4.5,71.0,93.0,63.0,7.49,4.15,0.0,5,62.0,2,MEDIUM
S0356,2.7,47.0,79.0,70.0,7.86,7.74,30.0,57,43.0,1,LOW
S0357,4.5,71.0,69.0,73.0,7.27,1.42,78.0,13,77.0,2,MEDIUM
S0358,4.0,83.0,77.0,40.0,6.61,3.24,4.0,54,50.0,1,LOW
S0359,5.1,60.0,48.0,79.0,7.71,0.98,0.0,5,60.0,2,MEDIUM
S0360,3.0,80.0,81.0,57.0,7.82,4.81,5.0,60,65.0,1,LOW
S0361,5.4,78.0,60.0,55.0,7.37,5.38,53.0,32,61.0,2,MEDIUM
S0362,7.3,85.0,55.0,47.0,6.01,5.79,57.0,51,69.0,2,MEDIUM
S0363,4.3,79.0,52.0,45.0,7.33,5.65,25.0,21,44.0,2,MEDIUM
S0364,5.2,66.0,92.0,52.0,8.43,3.18,49.0,24,73.0,2,MEDIUM
S0365,5.7,92.0,66.0,61.0,6.28,5.02,63.0,60,62.0,2,MEDIUM
S0366,3.8,76.0,98.0,100.0,9.52,1.76,71.0,18,78.0,0,LOW
S0367,4.9,78.0,67.0,64.0,6.37,8.91,30.0,21,50.0,2,MEDIUM
S0368,4.5,67.0,49.0,75.0,7.04,4.74,0.0,54,55.0,2,MEDIUM
S0369,4.7,73.0,58.0,78.0,6.19,4.28,19.0,10,64.0,2,MEDIUM
S0370,3.1,67.0,94.0,74.0,7.27,9.47,26.0,24,66.0,1,LOW
S0371,4.5,76.0,73.0,71.0,4.91,2.39,30.0,40,55.0,0,LOW
S0372,5.4,99.0,67.0,54.0,6.34,2.69,31.0,47,65.0,2,MEDIUM
S0373,7.1,62.0,77.0,94.0,5.69,2.76,57.0,21,81.0,1,LOW
S0374,6.2,59.0,83.0,99.0,7.16,5.33,60.0,25,82.0,1,LOW
S0375,8.4,96.0,92.0,47.0,8.19,6.58,32.0,52,68.0,1,LOW
S0376,3.1,75.0,97.0,57.0,7.78,7.35,57.0,60,47.0,1,LOW
S0377,6.1,70.0,70.0,68.0,4.15,11.93,42.0,57,66.0,2,MEDIUM
S0378,4.8,90.0,55.0,58.0,9.45,0.5,36.0,59,59.0,2,MEDIUM
S0379,8.4,71.0,69.0,80.0,7.35,7.02,53.0,23,76.0,2,MEDIUM
S0380,3.0,100.0,79.0,61.0,6.07,4.11,36.0,22,62.0,1,LOW
S0381,3.0,86.0,61.0,100.0,7.19,4.03,76.0,4,73.0,1,LOW
S0382,3.4,72.0,61.0,90.0,7.21,3.95,6.0,34,65.0,2,MEDIUM
S0383,0.7,100.0,80.0,75.0,6.2,3.23,25.0,56,49.0,1,LOW
S0384,3.6,71.0,74.0,87.0,7.24,9.71,32.0,6,69.0,1,LOW
S0385,3.1,87.0,75.0,89.0,6.27,7.61,44.0,28,66.0,0,LOW
S0386,4.8,82.0,64.0,64.0,6.51,5.56,60.0,31,72.0,2,MEDIUM
S0387,5.1,94.0,72.0,60.0,6.18,8.88,35.0,35,59.0,1,LOW
S0388,7.9,97.0,61.0,73.0,5.28,1.72,7.0,39,67.0,1,LOW
S0389,6.2,78.0,88.0,85.0,7.18,2.17,52.0,42,78.0,0,LOW
S0390,3.5,69.0,91.0,74.0,7.7,0.5,50.0,23,72.0,1,LOW
S0391,2.9,84.0,47.0,48.0,7.62,3.75,0.0,6,42.0,2,MEDIUM
S0392,5.4,70.0,61.0,60.0,7.98,5.9,35.0,16,61.0,3,HIGH
S0393,2.1,100.0,53.0,71.0,7.39,5.76,3.0,2,50.0,1,LOW
S0394,7.8,80.0,65.0,71.0,6.36,5.87,22.0,24,69.0,1,LOW
S0395,6.6,74.0,74.0,100.0,8.01,1.97,17.0,17,90.0,1,LOW
S0396,3.7,80.0,53.0,51.0,5.37,7.51,51.0,45,53.0,2,MEDIUM
S0397,1.4,62.0,61.0,80.0,5.92,6.1,37.0,1,55.0,3,HIGH
S0398,6.9,66.0,60.0,94.0,5.84,7.33,9.0,6,59.0,2,MEDIUM
S0399,4.3,92.0,78.0,100.0,8.3,0.77,53.0,5,87.0,0,LOW
S0400,6.7,70.0,76.0,66.0,8.13,6.28,6.0,57,70.0,2,MEDIUM
S0401,1.6,65.0,64.0,79.0,7.58,2.53,42.0,45,52.0,3,HIGH
S0402,3.4,84.0,78.0,81.0,8.29,4.51,19.0,60,71.0,0,LOW
S0403,4.5,92.0,67.0,75.0,5.94,6.84,28.0,55,66.0,1,LOW
S0404,4.6,87.0,71.0,71.0,7.42,5.73,45.0,50,66.0,0,LOW
S0405,3.7,90.0,100.0,79.0,6.85,3.37,45.0,29,82.0,0,LOW
S0406,5.6,69.0,95.0,34.0,8.02,5.52,62.0,12,59.0,2,MEDIUM
S0407,2.6,61.0,56.0,82.0,6.86,1.67,33.0,39,52.0,2,MEDIUM
S0408,4.2,96.0,87.0,74.0,6.54,8.38,41.0,47,70.0,0,LOW
S0409,4.7,74.0,87.0,69.0,7.65,4.99,26.0,3,69.0,2,MEDIUM
S0410,5.4,75.0,58.0,100.0,8.05,8.3,39.0,48,75.0,1,LOW
S0411,5.8,94.0,87.0,62.0,6.2,4.18,44.0,1,70.0,1,LOW
S0412,2.5,85.0,98.0,66.0,6.93,4.19,33.0,27,59.0,1,LOW
S0413,1.7,83.0,58.0,100.0,5.73,3.59,0.0,48,75.0,2,MEDIUM
S0414,6.8,100.0,61.0,60.0,4.0,7.69,42.0,24,59.0,2,MEDIUM
S0415,5.1,70.0,90.0,64.0,7.24,3.73,42.0,44,68.0,2,MEDIUM
S0416,3.2,89.0,79.0,70.0,7.73,7.11,21.0,19,65.0,0,LOW
S0417,7.3,79.0,83.0,85.0,7.31,4.54,9.0,59,82.0,0,LOW
S0418,4.7,81.0,80.0,75.0,4.66,0.56,65.0,8,69.0,0,LOW
S0419,6.6,96.0,81.0,53.0,6.58,4.07,45.0,55,58.0,1,LOW
S0420,4.6,84.0,55.0,64.0,4.34,2.55,30.0,44,55.0,2,MEDIUM
S0421,8.2,84.0,91.0,63.0,8.64,5.58,12.0,47,78.0,1,LOW
S0422,7.7,91.0,93.0,71.0,5.7,2.52,19.0,2,82.0,0,LOW
S0423,4.1,74.0,72.0,78.0,8.51,7.81,61.0,30,69.0,1,LOW
S0424,6.2,68.0,74.0,78.0,8.14,5.27,38.0,30,73.0,1,LOW
S0425,5.7,65.0,52.0,45.0,5.92,5.06,24.0,49,58.0,3,HIGH
S0426,7.0,54.0,83.0,88.0,5.64,7.14,45.0,39,69.0,1,LOW
S0427,2.8,100.0,84.0,76.0,7.42,7.91,19.0,45,57.0,0,LOW
S0428,5.7,65.0,74.0,93.0,5.99,5.45,65.0,32,76.0,1,LOW
S0429,6.4,75.0,92.0,79.0,7.12,3.57,62.0,1,72.0,0,LOW
S0430,1.3,75.0,70.0,89.0,6.42,1.07,26.0,38,53.0,1,LOW
S0431,2.4,82.0,83.0,79.0,4.86,3.78,22.0,13,70.0,0,LOW
S0432,0.8,88.0,60.0,92.0,4.32,3.96,0.0,11,57.0,2,MEDIUM
S0433,4.0,88.0,75.0,80.0,7.27,5.77,5.0,10,64.0,0,LOW
S0434,5.8,71.0,72.0,71.0,6.33,4.64,8.0,48,63.0,1,LOW
S0435,7.2,76.0,78.0,100.0,6.34,7.22,38.0,59,78.0,0,LOW
S0436,4.6,81.0,69.0,85.0,7.84,3.97,28.0,26,75.0,1,LOW
S0437,7.4,75.0,73.0,81.0,8.41,5.36,8.0,56,61.0,0,LOW
S0438,2.0,97.0,87.0,53.0,6.67,8.46,29.0,55,47.0,1,LOW
S0439,1.4,84.0,68.0,53.0,6.59,6.35,45.0,20,45.0,3,HIGH
S0440,4.4,87.0,51.0,76.0,7.6,5.35,46.0,17,63.0,1,LOW
S0441,5.2,86.0,100.0,74.0,5.37,4.0,0.0,17,82.0,0,LOW
S0442,4.4,92.0,96.0,63.0,7.27,3.92,32.0,4,74.0,1,LOW
S0443,0.8,80.0,56.0,74.0,7.66,3.37,7.0,5,53.0,2,MEDIUM
S0444,4.3,62.0,85.0,96.0,7.82,4.15,53.0,60,73.0,1,LOW
S0445,2.2,83.0,67.0,82.0,4.68,7.39,51.0,23,53.0,1,LOW
S0446,5.7,70.0,79.0,55.0,6.09,4.95,17.0,46,63.0,2,MEDIUM
S0447,5.2,72.0,79.0,70.0,5.95,2.13,20.0,52,78.0,1,LOW
S0448,2.8,85.0,71.0,60.0,7.12,9.92,26.0,10,52.0,1,LOW
S0449,3.6,93.0,63.0,66.0,7.58,6.3,0.0,46,52.0,2,MEDIUM
S0450,2.6,78.0,65.0,66.0,8.8,1.98,42.0,28,56.0,2,MEDIUM
S0451,4.4,82.0,61.0,65.0,6.41,4.4,30.0,33,62.0,2,MEDIUM
S0452,6.2,98.0,63.0,53.0,6.4,5.78,54.0,43,65.0,2,MEDIUM
S0453,2.7,81.0,74.0,70.0,8.38,9.76,13.0,26,60.0,0,LOW
S0454,5.4,100.0,64.0,64.0,7.36,2.73,23.0,55,64.0,2,MEDIUM
S0455,3.5,85.0,85.0,28.0,8.52,7.94,5.0,50,46.0,1,LOW
S0456,3.1,57.0,97.0,100.0,7.35,9.0,15.0,48,69.0,1,LOW
S0457,4.3,87.0,66.0,88.0,5.61,3.93,11.0,29,63.0,1,LOW
S0458,2.6,83.0,79.0,66.0,5.4,4.81,55.0,27,72.0,1,LOW
S0459,3.5,93.0,82.0,72.0,5.14,2.91,21.0,18,70.0,0,LOW
S0460,2.3,86.0,82.0,54.0,7.79,4.99,37.0,40,50.0,1,LOW
S0461,8.0,76.0,76.0,97.0,8.43,5.41,27.0,60,75.0,0,LOW
S0462,4.6,63.0,86.0,100.0,9.22,7.15,10.0,10,73.0,1,LOW
S0463,3.2,75.0,82.0,74.0,8.01,8.23,32.0,58,62.0,0,LOW
S0464,4.9,68.0,56.0,87.0,8.4,3.63,47.0,42,67.0,2,MEDIUM
S0465,4.3,71.0,88.0,75.0,6.3,0.58,11.0,5,66.0,1,LOW
S0466,4.1,85.0,88.0,52.0,5.61,5.45,51.0,10,66.0,1,LOW
S0467,5.6,98.0,64.0,66.0,8.02,6.23,18.0,50,62.0,2,MEDIUM
S0468,5.9,83.0,76.0,74.0,7.5,6.12,25.0,21,71.0,0,LOW
S0469,3.5,64.0,85.0,65.0,7.13,4.68,46.0,24,66.0,2,MEDIUM
S0470,3.5,83.0,72.0,69.0,7.46,5.81,22.0,38,69.0,1,LOW
S0471,4.0,92.0,91.0,71.0,7.39,9.29,36.0,3,64.0,0,LOW
S0472,0.5,71.0,100.0,71.0,8.54,6.45,29.0,40,58.0,2,MEDIUM
S0473,1.8,76.0,63.0,73.0,8.55,4.57,38.0,31,48.0,2,MEDIUM
S0474,7.0,78.0,54.0,56.0,7.65,4.25,0.0,41,68.0,2,MEDIUM
S0475,7.5,69.0,80.0,61.0,8.01,5.08,0.0,37,53.0,2,MEDIUM
S0476,4.1,86.0,86.0,53.0,7.62,9.59,47.0,2,71.0,1,LOW
S0477,5.5,77.0,72.0,87.0,6.45,5.04,56.0,2,73.0,0,LOW
S0478,5.1,83.0,97.0,40.0,7.91,5.45,17.0,39,63.0,1,LOW
S0479,10.0,67.0,55.0,89.0,5.33,4.29,30.0,49,75.0,2,MEDIUM
S0480,6.5,73.0,85.0,93.0,8.26,8.25,41.0,42,77.0,1,LOW
S0481,4.3,87.0,66.0,67.0,5.57,10.4,49.0,44,64.0,2,MEDIUM
S0482,2.8,74.0,100.0,33.0,7.34,6.63,0.0,34,40.0,2,MEDIUM
S0483,1.6,99.0,100.0,67.0,5.99,5.71,17.0,42,59.0,2,MEDIUM
S0484,4.9,73.0,64.0,71.0,7.66,5.59,28.0,20,55.0,2,MEDIUM
S0485,3.1,81.0,67.0,57.0,6.96,0.5,49.0,33,61.0,2,MEDIUM
S0486,1.9,89.0,88.0,64.0,5.09,7.36,85.0,4,64.0,2,MEDIUM
S0487,3.3,61.0,69.0,95.0,7.5,5.84,30.0,45,67.0,2,MEDIUM
S0488,2.6,57.0,74.0,82.0,6.31,6.57,7.0,44,57.0,1,LOW
S0489,7.5,60.0,75.0,58.0,8.06,3.72,43.0,11,73.0,2,MEDIUM
S0490,6.1,93.0,46.0,48.0,7.0,4.54,61.0,42,54.0,2,MEDIUM
S0491,4.5,71.0,75.0,67.0,7.47,4.47,37.0,47,63.0,2,MEDIUM
S0492,7.2,100.0,65.0,69.0,5.85,8.05,17.0,5,74.0,2,MEDIUM
S0493,4.6,71.0,68.0,79.0,6.29,4.55,54.0,25,71.0,2,MEDIUM
S0494,2.9,80.0,97.0,64.0,6.45,10.71,48.0,49,53.0,1,LOW
S0495,7.2,97.0,56.0,80.0,8.03,6.58,14.0,60,63.0,1,LOW
S0496,5.5,100.0,87.0,100.0,9.01,2.31,43.0,37,83.0,0,LOW
S0497,2.6,100.0,71.0,84.0,6.03,5.18,55.0,34,66.0,0,LOW
S0498,4.2,93.0,71.0,71.0,8.29,3.87,59.0,9,67.0,0,LOW
S0499,2.9,90.0,87.0,69.0,4.4,0.5,34.0,6,71.0,1,LOW
S0500,2.0,85.0,80.0,67.0,5.57,9.5,28.0,18,58.0,1,LOW
S0501,6.2,87.0,84.0,90.0,5.85,7.26,60.0,14,81.0,0,LOW
S0502,7.9,71.0,90.0,63.0,5.38,6.83,11.0,19,74.0,2,MEDIUM
S0503,2.0,68.0,70.0,73.0,5.1,5.91,44.0,14,62.0,1,LOW
S0504,5.5,78.0,66.0,73.0,7.5,2.04,8.0,40,45.0,1,LOW
S0505,3.3,76.0,59.0,64.0,6.74,4.29,56.0,17,55.0,2,MEDIUM
S0506,3.6,73.0,63.0,51.0,7.46,7.6,30.0,60,45.0,3,HIGH
S0507,3.4,86.0,100.0,77.0,7.83,2.87,60.0,35,77.0,0,LOW
S0508,2.9,89.0,94.0,71.0,7.32,0.5,45.0,29,67.0,0,LOW
S0509,4.6,79.0,55.0,80.0,7.79,4.93,11.0,42,60.0,1,LOW
S0510,3.0,96.0,55.0,64.0,6.92,5.15,63.0,17,64.0,2,MEDIUM
S0511,5.0,64.0,82.0,90.0,5.58,5.84,66.0,59,70.0,1,LOW
S0512,4.4,76.0,83.0,59.0,8.27,7.32,53.0,43,65.0,1,LOW
S0513,4.1,69.0,83.0,98.0,6.29,7.09,20.0,8,79.0,1,LOW
S0514,2.9,56.0,71.0,46.0,5.88,6.15,29.0,1,52.0,2,MEDIUM
S0515,3.5,77.0,73.0,79.0,6.79,8.49,38.0,45,52.0,0,LOW
S0516,5.9,77.0,80.0,79.0,5.9,1.7,21.0,53,69.0,0,LOW
S0517,5.4,96.0,76.0,60.0,6.5,6.76,69.0,36,71.0,1,LOW
S0518,2.7,86.0,42.0,78.0,7.41,7.07,38.0,7,57.0,1,LOW
S0519,4.7,66.0,72.0,91.0,7.42,2.4,0.0,46,64.0,1,LOW
S0520,5.9,100.0,62.0,39.0,5.92,1.74,42.0,5,56.0,2,MEDIUM
S0521,1.5,93.0,78.0,80.0,6.41,3.64,28.0,24,63.0,1,LOW
S0522,5.5,85.0,100.0,35.0,8.29,3.85,34.0,28,57.0,1,LOW
S0523,3.3,75.0,81.0,58.0,7.6,7.38,28.0,43,63.0,1,LOW
S0524,5.5,66.0,70.0,96.0,9.49,3.96,51.0,17,84.0,1,LOW
S0525,3.1,74.0,89.0,63.0,8.42,3.36,57.0,37,66.0,2,MEDIUM
S0526,1.3,91.0,82.0,54.0,8.37,3.97,41.0,20,54.0,2,MEDIUM
S0527,1.6,100.0,81.0,69.0,5.33,8.3,28.0,3,64.0,2,MEDIUM
S0528,4.6,97.0,84.0,100.0,7.92,5.53,34.0,37,82.0,0,LOW
S0529,5.0,72.0,100.0,45.0,6.94,5.05,35.0,26,61.0,2,MEDIUM
S0530,2.9,65.0,58.0,56.0,6.34,5.22,19.0,15,47.0,3,HIGH
S0531,5.6,80.0,82.0,94.0,7.2,8.73,47.0,51,71.0,0,LOW
S0532,1.5,57.0,61.0,100.0,8.13,3.63,44.0,48,61.0,3,HIGH
S0533,4.4,82.0,83.0,70.0,7.6,8.79,66.0,8,69.0,0,LOW
S0534,2.3,76.0,61.0,53.0,5.95,6.03,60.0,13,47.0,2,MEDIUM
S0535,3.3,72.0,69.0,100.0,7.89,5.1,21.0,48,59.0,2,MEDIUM
S0536,4.6,59.0,71.0,96.0,6.23,11.75,51.0,3,58.0,1,LOW
S0537,3.0,84.0,90.0,82.0,7.26,2.86,16.0,1,70.0,0,LOW
S0538,3.8,72.0,89.0,60.0,6.64,4.62,49.0,9,63.0,2,MEDIUM
S0539,6.3,64.0,56.0,71.0,6.74,2.42,25.0,31,61.0,2,MEDIUM
S0540,3.5,44.0,76.0,70.0,7.92,7.88,15.0,41,56.0,1,LOW
S0541,6.0,78.0,64.0,77.0,5.75,9.72,41.0,54,60.0,1,LOW
S0542,2.5,99.0,56.0,94.0,9.33,9.67,0.0,26,52.0,1,LOW
S0543,5.5,98.0,72.0,85.0,4.81,8.56,0.0,17,69.0,0,LOW
S0544,7.1,73.0,70.0,56.0,6.28,5.01,31.0,56,53.0,2,MEDIUM
S0545,0.5,71.0,100.0,93.0,7.44,4.59,37.0,34,65.0,2,MEDIUM
S0546,3.1,84.0,81.0,77.0,7.7,1.32,28.0,9,81.0,0,LOW
S0547,5.5,66.0,54.0,82.0,6.88,10.59,3.0,56,49.0,2,MEDIUM
S0548,4.1,82.0,67.0,94.0,6.93,6.67,19.0,51,63.0,1,LOW
S0549,5.2,87.0,90.0,55.0,7.49,4.27,43.0,13,54.0,1,LOW
S0550,3.4,93.0,100.0,71.0,6.72,8.82,47.0,5,68.0,0,LOW
S0551,4.7,77.0,51.0,64.0,8.67,3.07,35.0,41,69.0,2,MEDIUM
S0552,4.2,76.0,47.0,48.0,8.01,6.52,58.0,13,53.0,2,MEDIUM
S0553,6.6,67.0,100.0,77.0,8.05,5.07,43.0,1,73.0,1,LOW
S0554,5.0,68.0,81.0,100.0,5.84,7.1,20.0,25,84.0,1,LOW
S0555,5.1,75.0,62.0,44.0,6.9,5.34,29.0,47,42.0,2,MEDIUM
S0556,3.8,82.0,83.0,72.0,6.64,1.87,7.0,4,67.0,0,LOW
S0557,3.6,89.0,35.0,82.0,5.79,5.69,33.0,36,57.0,1,LOW
S0558,3.7,68.0,75.0,74.0,7.43,8.12,57.0,52,61.0,1,LOW
S0559,5.2,96.0,80.0,70.0,6.35,5.43,49.0,10,75.0,0,LOW
S0560,3.7,75.0,89.0,53.0,7.79,7.44,63.0,28,54.0,1,LOW
S0561,5.0,78.0,60.0,75.0,5.72,2.89,29.0,57,65.0,1,LOW
S0562,8.2,69.0,76.0,61.0,9.06,5.43,62.0,6,73.0,2,MEDIUM
S0563,6.1,49.0,61.0,39.0,5.92,3.94,31.0,27,45.0,3,HIGH
S0564,3.9,89.0,79.0,90.0,7.26,7.37,64.0,56,84.0,0,LOW
S0565,6.7,87.0,62.0,86.0,7.95,5.58,35.0,12,71.0,1,LOW
S0566,3.8,75.0,69.0,73.0,6.32,7.23,49.0,52,60.0,1,LOW
S0567,0.8,79.0,60.0,75.0,8.02,8.22,65.0,48,48.0,2,MEDIUM
S0568,2.7,84.0,85.0,88.0,5.52,7.23,31.0,3,66.0,0,LOW
S0569,1.1,59.0,88.0,75.0,8.74,6.18,39.0,46,71.0,2,MEDIUM
S0570,3.9,72.0,71.0,86.0,7.02,3.0,61.0,33,67.0,1,LOW
S0571,4.5,88.0,76.0,68.0,6.28,5.49,32.0,10,67.0,1,LOW
S0572,7.5,63.0,53.0,92.0,6.64,4.17,9.0,31,74.0,2,MEDIUM
S0573,5.1,82.0,71.0,77.0,7.97,4.64,78.0,15,70.0,0,LOW
S0574,4.1,62.0,74.0,75.0,6.3,4.56,26.0,7,58.0,1,LOW
S0575,6.0,84.0,100.0,53.0,6.1,3.05,38.0,36,74.0,1,LOW
S0576,0.5,78.0,58.0,76.0,6.73,0.61,58.0,14,54.0,2,MEDIUM
S0577,4.9,59.0,97.0,60.0,5.59,3.83,23.0,56,62.0,2,MEDIUM
S0578,5.9,92.0,90.0,62.0,9.18,5.98,15.0,48,74.0,1,LOW
S0579,1.8,69.0,79.0,60.0,6.32,2.13,40.0,14,55.0,3,HIGH
S0580,6.6,68.0,100.0,56.0,8.0,5.54,0.0,3,73.0,2,MEDIUM
S0581,5.1,80.0,81.0,100.0,7.25,10.25,29.0,49,72.0,0,LOW
S0582,3.8,92.0,81.0,92.0,5.82,8.06,40.0,53,63.0,0,LOW
S0583,5.6,66.0,74.0,100.0,6.99,9.61,30.0,46,50.0,1,LOW
S0584,8.6,79.0,93.0,54.0,7.94,6.48,4.0,50,59.0,1,LOW
S0585,4.8,83.0,91.0,73.0,6.77,8.42,67.0,3,62.0,0,LOW
S0586,4.9,86.0,66.0,53.0,8.43,3.69,37.0,22,61.0,2,MEDIUM
S0587,3.7,80.0,55.0,62.0,8.23,3.89,64.0,19,52.0,2,MEDIUM
S0588,3.0,74.0,72.0,58.0,8.1,0.5,30.0,35,45.0,2,MEDIUM
S0589,6.0,68.0,63.0,91.0,6.45,8.47,17.0,12,65.0,2,MEDIUM
S0590,3.0,79.0,74.0,66.0,5.7,9.35,40.0,54,50.0,1,LOW
S0591,4.6,65.0,94.0,88.0,6.26,4.12,31.0,5,75.0,1,LOW
S0592,3.6,43.0,68.0,81.0,7.24,4.87,11.0,10,58.0,2,MEDIUM
S0593,5.4,83.0,74.0,100.0,7.65,3.62,64.0,41,82.0,0,LOW
S0594,5.1,89.0,76.0,50.0,4.39,6.46,23.0,33,44.0,1,LOW
S0595,6.4,50.0,88.0,91.0,6.99,8.31,0.0,13,69.0,1,LOW
S0596,3.6,66.0,41.0,89.0,7.19,1.14,62.0,35,61.0,2,MEDIUM
S0597,4.0,85.0,66.0,57.0,6.67,6.52,25.0,51,48.0,2,MEDIUM
S0598,2.7,100.0,78.0,87.0,8.55,4.81,23.0,32,54.0,0,LOW
S0599,3.7,78.0,93.0,77.0,7.51,5.78,0.0,11,64.0,0,LOW
S0600,5.2,69.0,68.0,69.0,8.57,6.65,70.0,48,71.0,3,HIGH
S0601,5.9,76.0,47.0,60.0,6.74,5.03,9.0,38,39.0,2,MEDIUM
S0602,2.8,94.0,84.0,61.0,8.12,5.24,36.0,24,56.0,1,LOW
S0603,6.1,70.0,65.0,100.0,8.96,4.97,53.0,35,76.0,2,MEDIUM
S0604,6.9,68.0,57.0,72.0,8.57,7.93,43.0,19,70.0,2,MEDIUM
S0605,5.2,72.0,66.0,84.0,5.69,6.55,34.0,6,64.0,2,MEDIUM
S0606,7.9,67.0,72.0,60.0,6.7,6.05,1.0,40,74.0,2,MEDIUM
S0607,3.1,79.0,66.0,60.0,6.59,2.32,19.0,54,44.0,2,MEDIUM
S0608,2.3,97.0,42.0,88.0,7.59,4.55,39.0,45,47.0,1,LOW
S0609,1.3,82.0,88.0,52.0,7.82,7.75,19.0,44,57.0,2,MEDIUM
S0610,7.2,75.0,94.0,66.0,5.99,5.59,39.0,42,60.0,1,LOW
S0611,5.7,74.0,85.0,73.0,7.08,7.15,49.0,35,73.0,1,LOW
S0612,4.4,59.0,58.0,74.0,4.58,9.92,54.0,4,55.0,2,MEDIUM
S0613,5.0,89.0,72.0,69.0,8.73,8.1,10.0,33,56.0,1,LOW
S0614,2.5,77.0,75.0,78.0,6.39,5.73,79.0,13,62.0,0,LOW
S0615,8.9,76.0,84.0,82.0,7.07,4.22,50.0,56,74.0,0,LOW
S0616,4.7,100.0,85.0,83.0,6.63,0.5,35.0,36,74.0,0,LOW
S0617,4.7,82.0,64.0,57.0,8.38,5.08,57.0,54,60.0,2,MEDIUM
S0618,5.8,69.0,76.0,68.0,3.59,4.68,82.0,43,68.0,2,MEDIUM
S0619,5.4,73.0,82.0,90.0,6.98,6.48,6.0,19,66.0,1,LOW
S0620,4.9,92.0,97.0,85.0,6.87,5.12,30.0,43,78.0,0,LOW
S0621,3.1,79.0,86.0,51.0,6.46,4.7,0.0,12,64.0,1,LOW
S0622,5.3,61.0,87.0,77.0,9.07,1.05,39.0,11,69.0,1,LOW
S0623,7.9,89.0,76.0,42.0,5.94,3.15,42.0,6,72.0,1,LOW
S0624,6.9,70.0,96.0,73.0,7.93,6.69,34.0,12,68.0,1,LOW
S0625,7.4,100.0,81.0,100.0,7.43,9.79,22.0,27,73.0,0,LOW
S0626,3.6,91.0,62.0,58.0,8.51,5.26,0.0,41,56.0,2,MEDIUM
S0627,2.7,73.0,96.0,59.0,6.2,6.32,42.0,25,59.0,2,MEDIUM
S0628,4.3,93.0,85.0,83.0,6.12,7.88,64.0,42,80.0,0,LOW
S0629,4.6,79.0,68.0,49.0,8.32,3.47,23.0,3,64.0,2,MEDIUM
S0630,6.5,88.0,68.0,63.0,7.51,6.42,44.0,3,72.0,2,MEDIUM
S0631,1.5,84.0,79.0,81.0,5.15,3.65,4.0,20,64.0,1,LOW
S0632,7.3,68.0,82.0,62.0,6.35,7.66,44.0,28,48.0,2,MEDIUM
S0633,4.2,70.0,78.0,68.0,7.46,5.88,27.0,23,63.0,2,MEDIUM
S0634,3.7,90.0,80.0,83.0,8.01,6.25,20.0,48,72.0,0,LOW
S0635,2.7,74.0,100.0,78.0,6.18,3.54,20.0,3,59.0,1,LOW
S0636,1.5,73.0,91.0,76.0,3.5,7.27,27.0,42,59.0,2,MEDIUM
S0637,6.0,67.0,78.0,67.0,7.63,10.71,43.0,24,57.0,2,MEDIUM
S0638,4.6,83.0,89.0,78.0,5.54,2.98,9.0,43,75.0,0,LOW
S0639,2.2,100.0,60.0,70.0,4.58,4.65,27.0,40,51.0,1,LOW
S0640,2.2,65.0,81.0,79.0,3.6,6.08,34.0,6,55.0,1,LOW
S0641,3.9,78.0,100.0,65.0,7.98,7.47,13.0,20,61.0,1,LOW
S0642,7.5,95.0,72.0,69.0,7.15,4.1,71.0,11,90.0,1,LOW
S0643,4.0,77.0,62.0,57.0,6.73,0.5,18.0,32,62.0,2,MEDIUM
S0644,1.8,83.0,65.0,71.0,8.67,8.9,22.0,60,62.0,2,MEDIUM
S0645,4.1,65.0,59.0,60.0,7.76,7.4,15.0,27,40.0,3,HIGH
S0646,4.0,83.0,63.0,55.0,8.94,1.14,71.0,21,54.0,2,MEDIUM
S0647,0.5,76.0,69.0,76.0,5.33,3.98,46.0,44,63.0,2,MEDIUM
S0648,4.4,90.0,54.0,75.0,6.96,9.42,16.0,48,47.0,1,LOW
S0649,4.1,92.0,75.0,84.0,5.06,9.12,57.0,50,65.0,0,LOW
S0650,5.8,100.0,89.0,66.0,6.72,7.85,39.0,13,84.0,1,LOW
S0651,7.8,85.0,61.0,78.0,6.7,5.06,40.0,22,67.0,1,LOW
S0652,6.5,82.0,98.0,80.0,7.75,5.71,28.0,35,66.0,0,LOW
S0653,4.0,80.0,83.0,79.0,7.05,5.17,20.0,47,66.0,0,LOW
S0654,2.5,74.0,90.0,60.0,7.75,8.32,42.0,22,47.0,2,MEDIUM
S0655,9.1,82.0,65.0,74.0,7.84,3.31,24.0,28,82.0,1,LOW
S0656,4.6,74.0,88.0,77.0,9.59,3.49,71.0,21,68.0,1,LOW
S0657,4.5,80.0,59.0,72.0,6.62,8.03,10.0,46,50.0,1,LOW
S0658,4.5,94.0,88.0,41.0,5.87,5.39,66.0,18,64.0,1,LOW
S0659,4.9,66.0,78.0,74.0,7.3,8.95,33.0,31,60.0,1,LOW
S0660,4.2,92.0,83.0,100.0,6.04,3.82,41.0,60,79.0,0,LOW
S0661,3.5,94.0,57.0,67.0,8.78,5.36,52.0,46,63.0,2,MEDIUM
S0662,3.5,77.0,62.0,61.0,6.66,3.19,22.0,37,53.0,2,MEDIUM
S0663,4.4,53.0,84.0,78.0,6.32,5.52,52.0,21,59.0,1,LOW
S0664,3.5,71.0,61.0,77.0,6.43,1.8,0.0,14,61.0,2,MEDIUM
S0665,3.2,94.0,82.0,90.0,7.86,4.28,21.0,25,65.0,0,LOW
S0666,4.7,78.0,54.0,53.0,6.81,1.91,17.0,27,48.0,2,MEDIUM
S0667,4.0,66.0,88.0,83.0,6.23,7.23,10.0,40,65.0,1,LOW
S0668,7.2,72.0,57.0,81.0,9.0,7.29,31.0,60,55.0,2,MEDIUM
S0669,0.5,88.0,83.0,70.0,5.97,1.17,43.0,60,62.0,1,LOW
S0670,6.5,85.0,84.0,77.0,7.04,8.83,49.0,23,75.0,0,LOW
S0671,6.7,75.0,65.0,87.0,7.78,11.74,40.0,31,75.0,1,LOW
S0672,0.8,74.0,84.0,85.0,5.04,5.62,22.0,47,56.0,2,MEDIUM
S0673,3.9,73.0,79.0,55.0,7.58,3.9,42.0,60,67.0,2,MEDIUM
S0674,3.8,67.0,67.0,84.0,5.73,12.0,37.0,29,62.0,2,MEDIUM
S0675,2.0,97.0,60.0,71.0,7.99,2.2,54.0,47,60.0,1,LOW
S0676,3.1,74.0,46.0,73.0,5.84,5.55,51.0,30,65.0,2,MEDIUM
S0677,2.5,93.0,80.0,73.0,7.83,5.95,36.0,51,63.0,0,LOW
S0678,7.7,96.0,52.0,70.0,8.33,8.86,17.0,26,62.0,1,LOW
S0679,6.2,90.0,76.0,90.0,8.03,6.4,22.0,20,75.0,0,LOW
S0680,6.8,73.0,71.0,71.0,7.3,4.25,24.0,38,64.0,1,LOW
S0681,5.8,83.0,85.0,55.0,6.72,3.12,29.0,19,68.0,1,LOW
S0682,2.5,78.0,70.0,66.0,6.31,4.65,40.0,27,65.0,1,LOW
S0683,3.6,67.0,70.0,75.0,8.77,2.98,49.0,25,62.0,1,LOW
S0684,5.4,82.0,86.0,90.0,6.16,5.62,34.0,40,75.0,0,LOW
S0685,2.3,64.0,80.0,81.0,5.76,4.09,35.0,38,66.0,1,LOW
S0686,5.8,92.0,80.0,59.0,7.8,1.76,38.0,52,76.0,1,LOW
S0687,4.1,72.0,82.0,100.0,6.04,8.64,25.0,23,67.0,1,LOW
S0688,3.8,80.0,52.0,76.0,5.86,4.26,16.0,29,58.0,1,LOW
S0689,5.8,81.0,86.0,91.0,5.27,2.33,0.0,15,79.0,0,LOW
S0690,5.3,75.0,84.0,70.0,6.42,5.08,21.0,59,68.0,0,LOW
S0691,3.9,85.0,60.0,80.0,6.9,5.67,44.0,3,52.0,1,LOW
S0692,6.6,72.0,71.0,85.0,7.29,1.13,21.0,10,78.0,1,LOW
S0693,2.6,88.0,74.0,90.0,8.14,6.33,30.0,15,68.0,0,LOW
S0694,5.6,62.0,73.0,88.0,7.63,2.88,44.0,56,74.0,1,LOW
S0695,5.6,80.0,80.0,85.0,6.77,9.78,45.0,16,64.0,0,LOW
S0696,3.9,100.0,96.0,67.0,6.76,6.81,13.0,17,68.0,1,LOW
S0697,5.1,66.0,91.0,63.0,7.61,4.5,55.0,19,73.0,2,MEDIUM
S0698,2.2,70.0,55.0,77.0,8.53,3.64,58.0,11,52.0,2,MEDIUM
S0699,6.2,84.0,84.0,86.0,7.15,5.24,12.0,48,70.0,0,LOW
S0700,4.2,80.0,95.0,69.0,6.44,7.03,19.0,5,70.0,1,LOW
S0701,3.6,82.0,81.0,88.0,5.81,5.44,59.0,5,67.0,0,LOW
S0702,6.4,84.0,91.0,94.0,5.27,4.96,32.0,58,79.0,0,LOW
S0703,3.2,86.0,100.0,58.0,7.8,5.65,0.0,14,54.0,1,LOW
S0704,2.0,91.0,90.0,59.0,7.69,3.99,7.0,50,68.0,1,LOW
S0705,1.7,83.0,79.0,70.0,7.69,4.64,30.0,26,61.0,1,LOW
S0706,5.6,75.0,91.0,77.0,6.85,0.5,12.0,8,71.0,0,LOW
S0707,2.2,86.0,77.0,64.0,8.69,7.93,27.0,5,53.0,1,LOW
S0708,7.7,100.0,75.0,92.0,6.42,6.25,36.0,7,74.0,0,LOW
S0709,0.8,76.0,70.0,78.0,8.15,3.57,64.0,16,58.0,1,LOW
S0710,7.6,66.0,98.0,73.0,6.95,10.25,29.0,55,77.0,1,LOW
S0711,4.9,91.0,63.0,50.0,6.27,5.72,56.0,14,55.0,2,MEDIUM
S0712,4.3,77.0,98.0,52.0,7.71,2.91,64.0,37,68.0,1,LOW
S0713,3.5,52.0,82.0,76.0,7.49,7.64,64.0,56,60.0,1,LOW
S0714,5.2,88.0,54.0,40.0,7.43,6.5,41.0,41,61.0,2,MEDIUM
S0715,4.4,72.0,81.0,87.0,7.1,6.49,0.0,4,61.0,1,LOW
S0716,6.5,77.0,43.0,70.0,6.95,4.44,44.0,36,66.0,1,LOW
S0717,4.7,82.0,84.0,100.0,9.87,6.63,56.0,48,86.0,0,LOW
S0718,4.8,80.0,88.0,100.0,8.42,4.85,33.0,56,75.0,0,LOW
S0719,3.8,87.0,66.0,69.0,7.87,6.89,70.0,17,60.0,2,MEDIUM
S0720,4.4,73.0,77.0,70.0,7.13,0.74,52.0,47,73.0,1,LOW
S0721,5.1,84.0,100.0,87.0,8.21,4.42,46.0,36,68.0,0,LOW
S0722,1.4,75.0,67.0,98.0,7.62,9.81,57.0,6,64.0,2,MEDIUM
S0723,2.1,87.0,59.0,47.0,7.03,3.58,42.0,16,40.0,2,MEDIUM
S0724,5.8,85.0,97.0,45.0,6.64,3.99,0.0,29,70.0,1,LOW
S0725,4.8,67.0,100.0,63.0,6.9,4.38,25.0,36,65.0,2,MEDIUM
S0726,4.2,91.0,75.0,81.0,3.2,2.46,59.0,38,71.0,0,LOW
S0727,4.5,72.0,90.0,79.0,7.25,0.5,19.0,37,66.0,1,LOW
S0728,5.1,88.0,95.0,88.0,6.41,4.92,31.0,48,67.0,0,LOW
S0729,3.5,82.0,64.0,54.0,8.91,5.84,14.0,57,59.0,2,MEDIUM
S0730,3.1,100.0,68.0,37.0,7.02,5.37,71.0,48,54.0,2,MEDIUM
S0731,4.9,75.0,93.0,85.0,5.57,5.14,69.0,10,96.0,0,LOW
S0732,2.7,74.0,100.0,60.0,6.94,5.61,17.0,41,55.0,2,MEDIUM
S0733,5.2,78.0,83.0,42.0,5.74,8.06,38.0,36,54.0,1,LOW
S0734,1.4,74.0,62.0,74.0,7.57,5.02,21.0,29,47.0,3,HIGH
S0735,6.4,88.0,100.0,84.0,7.35,4.06,47.0,14,81.0,0,LOW
S0736,5.4,59.0,67.0,70.0,8.15,4.8,45.0,4,72.0,2,MEDIUM
S0737,5.0,65.0,70.0,65.0,6.05,6.95,51.0,44,67.0,2,MEDIUM
S0738,6.3,65.0,80.0,70.0,7.04,9.03,42.0,56,57.0,1,LOW
S0739,7.5,89.0,98.0,66.0,5.36,3.93,94.0,42,91.0,1,LOW
S0740,6.3,99.0,88.0,52.0,7.84,5.75,14.0,36,71.0,1,LOW
S0741,1.2,77.0,81.0,61.0,7.62,6.35,1.0,50,53.0,2,MEDIUM
S0742,2.2,76.0,82.0,80.0,7.59,3.02,27.0,45,58.0,0,LOW
S0743,3.4,79.0,76.0,77.0,7.0,5.55,4.0,13,56.0,0,LOW
S0744,4.5,92.0,83.0,75.0,7.5,1.84,5.0,46,69.0,0,LOW
S0745,5.4,67.0,37.0,57.0,8.93,1.08,15.0,18,48.0,3,HIGH
S0746,3.2,81.0,71.0,69.0,6.66,6.42,17.0,33,65.0,1,LOW
S0747,4.8,90.0,79.0,39.0,7.17,4.54,16.0,21,53.0,1,LOW
S0748,3.1,84.0,58.0,75.0,5.7,6.01,45.0,16,47.0,1,LOW
S0749,3.4,80.0,81.0,93.0,5.96,5.46,25.0,15,61.0,0,LOW
S0750,2.0,90.0,72.0,50.0,7.12,3.06,31.0,54,46.0,1,LOW
S0751,2.8,46.0,100.0,63.0,8.32,5.39,53.0,57,59.0,2,MEDIUM
S0752,2.1,86.0,99.0,77.0,6.69,2.42,20.0,5,68.0,0,LOW
S0753,2.7,70.0,68.0,91.0,6.72,8.98,30.0,6,60.0,2,MEDIUM
S0754,6.4,56.0,73.0,65.0,6.51,2.11,42.0,38,68.0,2,MEDIUM
S0755,2.8,84.0,74.0,62.0,6.36,5.01,0.0,3,53.0,1,LOW
S0756,9.2,94.0,68.0,42.0,7.35,2.89,0.0,48,64.0,2,MEDIUM
S0757,5.4,76.0,78.0,74.0,5.2,6.93,42.0,12,78.0,0,LOW
S0758,4.8,89.0,64.0,100.0,8.54,4.67,45.0,36,81.0,1,LOW
S0759,3.0,97.0,58.0,76.0,6.2,4.2,76.0,33,67.0,1,LOW
S0760,5.8,94.0,84.0,72.0,7.87,7.63,38.0,36,77.0,0,LOW
S0761,3.5,98.0,84.0,77.0,5.48,5.57,51.0,33,58.0,0,LOW
S0762,4.7,87.0,63.0,72.0,7.8,6.79,31.0,31,57.0,1,LOW
S0763,9.1,79.0,88.0,60.0,7.81,3.05,41.0,21,75.0,1,LOW
S0764,4.3,59.0,66.0,84.0,7.46,1.99,68.0,27,62.0,2,MEDIUM
S0765,6.6,75.0,79.0,75.0,5.81,5.77,0.0,27,58.0,0,LOW
S0766,3.2,68.0,87.0,72.0,7.3,4.7,43.0,8,66.0,1,LOW
S0767,4.4,100.0,74.0,57.0,5.58,7.07,78.0,56,74.0,1,LOW
S0768,7.7,76.0,82.0,92.0,6.7,5.3,41.0,37,80.0,0,LOW
S0769,3.4,79.0,67.0,82.0,8.24,6.01,68.0,32,69.0,1,LOW
S0770,7.8,85.0,72.0,64.0,7.96,1.44,22.0,26,71.0,1,LOW
S0771,5.8,79.0,72.0,87.0,7.02,10.22,34.0,2,66.0,0,LOW
S0772,3.5,98.0,64.0,65.0,5.83,5.09,36.0,12,66.0,2,MEDIUM
S0773,5.6,71.0,72.0,60.0,7.77,7.24,0.0,22,48.0,2,MEDIUM
S0774,6.3,80.0,52.0,61.0,7.02,3.41,12.0,17,47.0,2,MEDIUM
S0775,5.6,69.0,68.0,45.0,4.22,6.27,13.0,7,44.0,3,HIGH
S0776,1.7,62.0,71.0,79.0,7.94,2.24,51.0,43,64.0,2,MEDIUM
S0777,3.2,71.0,71.0,45.0,6.97,6.63,52.0,4,52.0,2,MEDIUM
S0778,4.1,78.0,71.0,54.0,8.44,4.61,41.0,37,60.0,1,LOW
S0779,4.4,73.0,74.0,41.0,5.69,5.57,51.0,38,65.0,2,MEDIUM
S0780,5.6,70.0,82.0,71.0,3.19,7.24,32.0,32,59.0,1,LOW
S0781,4.8,61.0,88.0,70.0,7.33,2.42,59.0,11,76.0,1,LOW
S0782,2.1,77.0,65.0,67.0,7.35,3.79,35.0,1,52.0,2,MEDIUM
S0783,5.2,60.0,57.0,56.0,4.97,6.64,36.0,25,50.0,3,HIGH
S0784,5.6,87.0,59.0,54.0,5.83,10.75,30.0,42,56.0,2,MEDIUM
S0785,5.5,79.0,68.0,79.0,10.31,5.15,49.0,52,70.0,1,LOW
S0786,6.4,61.0,70.0,64.0,6.63,6.98,27.0,24,60.0,2,MEDIUM
S0787,6.0,74.0,63.0,77.0,7.88,5.23,55.0,53,71.0,2,MEDIUM
S0788,5.3,69.0,56.0,59.0,6.22,10.36,12.0,43,52.0,3,HIGH
S0789,4.4,82.0,68.0,75.0,4.49,1.13,13.0,56,62.0,1,LOW
S0790,1.5,94.0,78.0,92.0,6.8,5.74,49.0,17,64.0,1,LOW
S0791,5.3,55.0,84.0,81.0,6.68,1.44,33.0,8,71.0,1,LOW
S0792,4.9,79.0,67.0,66.0,6.52,0.5,26.0,59,55.0,2,MEDIUM
S0793,5.0,76.0,69.0,76.0,6.86,6.24,53.0,45,60.0,1,LOW
S0794,2.2,86.0,61.0,68.0,7.32,5.85,23.0,27,51.0,2,MEDIUM
S0795,2.6,81.0,75.0,72.0,6.82,4.79,31.0,52,63.0,0,LOW
S0796,6.4,69.0,62.0,67.0,5.48,5.23,63.0,18,78.0,3,HIGH
S0797,4.4,74.0,84.0,70.0,7.58,12.0,66.0,27,64.0,1,LOW
S0798,5.7,68.0,48.0,75.0,4.66,4.85,66.0,22,52.0,2,MEDIUM
S0799,4.6,91.0,70.0,57.0,4.54,6.78,29.0,16,55.0,1,LOW
S0800,4.6,78.0,80.0,57.0,7.89,3.88,60.0,2,68.0,1,LOW
S0801,6.2,100.0,78.0,51.0,7.61,6.24,16.0,5,58.0,1,LOW
S0802,3.6,77.0,100.0,48.0,6.93,4.9,17.0,18,51.0,1,LOW
S0803,4.7,69.0,80.0,54.0,5.33,4.47,0.0,3,60.0,2,MEDIUM
S0804,3.7,60.0,60.0,74.0,6.15,10.05,68.0,27,60.0,2,MEDIUM
S0805,3.7,56.0,74.0,59.0,6.68,8.44,18.0,54,43.0,2,MEDIUM
S0806,3.9,59.0,48.0,80.0,5.08,5.84,32.0,17,50.0,2,MEDIUM
S0807,4.9,81.0,74.0,73.0,6.11,0.5,17.0,16,74.0,0,LOW
S0808,3.6,84.0,63.0,42.0,7.78,4.6,49.0,6,58.0,2,MEDIUM
S0809,6.8,59.0,89.0,82.0,8.71,12.0,27.0,51,62.0,1,LOW
S0810,2.9,89.0,67.0,84.0,6.5,4.92,9.0,7,49.0,1,LOW
S0811,4.2,72.0,73.0,57.0,7.91,8.26,44.0,50,59.0,2,MEDIUM
S0812,3.7,80.0,65.0,78.0,4.7,9.1,6.0,14,55.0,1,LOW
S0813,7.1,97.0,100.0,59.0,7.79,6.05,18.0,38,75.0,1,LOW
S0814,4.9,89.0,70.0,73.0,6.04,3.4,0.0,40,67.0,0,LOW
S0815,6.4,75.0,100.0,53.0,7.37,0.5,7.0,15,63.0,1,LOW
S0816,1.8,67.0,87.0,45.0,6.7,7.21,39.0,47,48.0,3,HIGH
S0817,5.0,52.0,82.0,66.0,8.58,3.46,0.0,47,53.0,2,MEDIUM
S0818,6.1,69.0,81.0,70.0,5.95,5.94,5.0,48,59.0,1,LOW
S0819,4.6,75.0,81.0,66.0,7.75,2.38,35.0,33,68.0,1,LOW
S0820,6.4,66.0,46.0,54.0,6.66,4.84,24.0,43,54.0,3,HIGH
S0821,3.6,76.0,71.0,66.0,6.81,5.58,75.0,27,53.0,1,LOW
S0822,7.0,79.0,88.0,76.0,6.78,6.17,72.0,29,83.0,0,LOW
S0823,8.6,75.0,74.0,71.0,5.99,2.71,18.0,57,71.0,0,LOW
S0824,3.8,70.0,54.0,75.0,6.98,8.49,46.0,37,61.0,2,MEDIUM
S0825,3.7,80.0,74.0,62.0,6.92,4.01,50.0,5,55.0,1,LOW
S0826,7.1,83.0,100.0,90.0,7.29,1.31,23.0,29,78.0,0,LOW
S0827,7.3,65.0,94.0,54.0,7.1,5.23,5.0,32,67.0,2,MEDIUM
S0828,3.6,95.0,74.0,79.0,7.96,5.59,35.0,60,60.0,0,LOW
S0829,3.7,77.0,89.0,90.0,8.11,5.9,32.0,53,69.0,0,LOW
S0830,4.0,78.0,70.0,79.0,5.74,8.91,26.0,6,54.0,0,LOW
S0831,2.1,86.0,49.0,69.0,8.04,4.91,44.0,2,51.0,2,MEDIUM
S0832,2.8,81.0,61.0,64.0,5.58,5.2,20.0,6,53.0,2,MEDIUM
S0833,2.7,89.0,98.0,88.0,7.71,2.74,12.0,46,71.0,0,LOW
S0834,3.1,81.0,71.0,51.0,7.74,7.55,37.0,43,51.0,1,LOW
S0835,4.4,71.0,71.0,57.0,4.71,5.96,43.0,4,60.0,2,MEDIUM
S0836,4.9,82.0,71.0,66.0,7.11,4.45,11.0,56,62.0,1,LOW
S0837,7.3,64.0,100.0,91.0,6.44,0.74,54.0,29,85.0,1,LOW
S0838,2.7,79.0,99.0,78.0,6.09,9.11,0.0,59,58.0,0,LOW
S0839,6.3,78.0,100.0,57.0,8.62,2.43,23.0,25,77.0,1,LOW
S0840,4.1,76.0,73.0,67.0,6.22,4.02,30.0,9,63.0,1,LOW
S0841,4.4,76.0,79.0,63.0,6.03,6.4,22.0,56,54.0,1,LOW
S0842,5.7,55.0,52.0,61.0,7.09,2.51,24.0,3,59.0,3,HIGH
S0843,2.5,71.0,97.0,87.0,7.82,1.77,72.0,26,79.0,1,LOW
S0844,5.2,79.0,57.0,51.0,6.83,0.5,18.0,48,55.0,2,MEDIUM
S0845,4.8,80.0,78.0,96.0,8.4,7.3,84.0,43,77.0,0,LOW
S0846,5.4,66.0,59.0,84.0,7.64,4.14,44.0,27,53.0,2,MEDIUM
S0847,5.0,93.0,66.0,88.0,4.39,12.0,37.0,36,62.0,1,LOW
S0848,8.9,68.0,62.0,65.0,6.36,3.01,45.0,32,76.0,3,HIGH
S0849,3.4,90.0,66.0,70.0,6.33,3.2,86.0,1,62.0,1,LOW
S0850,3.5,83.0,67.0,51.0,7.58,4.09,15.0,57,52.0,2,MEDIUM
S0851,3.4,70.0,67.0,64.0,3.85,6.11,13.0,53,48.0,3,HIGH
S0852,3.5,99.0,88.0,79.0,10.06,4.32,20.0,54,71.0,0,LOW
S0853,3.4,64.0,58.0,91.0,7.64,7.03,36.0,16,62.0,2,MEDIUM
S0854,6.6,89.0,78.0,55.0,7.18,3.05,0.0,51,67.0,1,LOW
S0855,7.1,90.0,93.0,67.0,8.42,2.05,35.0,48,70.0,1,LOW
S0856,3.5,70.0,67.0,70.0,9.81,1.0,69.0,11,64.0,2,MEDIUM
S0857,3.0,95.0,64.0,51.0,8.04,0.5,38.0,26,66.0,2,MEDIUM
S0858,5.3,75.0,72.0,81.0,8.14,4.2,29.0,40,72.0,0,LOW
S0859,3.5,81.0,93.0,61.0,7.16,4.75,23.0,55,63.0,1,LOW
S0860,5.6,81.0,78.0,69.0,6.83,3.92,53.0,1,58.0,1,LOW
S0861,4.9,76.0,67.0,65.0,6.43,8.61,18.0,26,56.0,2,MEDIUM
S0862,1.8,88.0,82.0,60.0,6.01,8.57,72.0,28,69.0,2,MEDIUM
S0863,7.3,88.0,58.0,72.0,6.18,4.66,74.0,53,81.0,1,LOW
S0864,7.7,57.0,85.0,69.0,5.38,1.02,40.0,58,76.0,2,MEDIUM
S0865,3.4,94.0,81.0,66.0,6.91,4.08,35.0,9,60.0,1,LOW
S0866,3.8,58.0,70.0,61.0,4.98,4.0,56.0,60,58.0,2,MEDIUM
S0867,5.0,90.0,62.0,77.0,7.23,3.86,57.0,59,73.0,1,LOW
S0868,5.1,92.0,62.0,97.0,6.96,3.76,19.0,44,77.0,1,LOW
S0869,5.7,65.0,83.0,74.0,7.18,3.87,24.0,22,69.0,1,LOW
S0870,8.1,73.0,93.0,87.0,6.37,4.53,9.0,8,84.0,1,LOW
S0871,4.2,65.0,65.0,51.0,10.69,3.91,43.0,58,54.0,3,HIGH
S0872,3.1,75.0,82.0,74.0,8.63,6.02,48.0,49,63.0,0,LOW
S0873,2.0,74.0,44.0,56.0,5.51,6.4,8.0,42,39.0,3,HIGH
S0874,3.2,87.0,66.0,50.0,7.28,3.22,26.0,27,56.0,2,MEDIUM
S0875,4.4,94.0,75.0,61.0,6.27,8.68,8.0,39,65.0,1,LOW
S0876,7.7,95.0,61.0,90.0,5.78,3.05,17.0,19,80.0,1,LOW
S0877,3.6,71.0,61.0,86.0,5.39,1.46,46.0,25,57.0,2,MEDIUM
S0878,4.9,75.0,65.0,76.0,7.52,6.45,20.0,38,54.0,1,LOW
S0879,4.5,58.0,79.0,49.0,6.18,3.46,29.0,21,62.0,2,MEDIUM
S0880,6.6,68.0,72.0,69.0,8.16,6.3,2.0,24,64.0,2,MEDIUM
S0881,9.0,90.0,41.0,77.0,8.19,0.5,39.0,24,74.0,1,LOW
S0882,3.5,97.0,43.0,75.0,8.65,8.98,34.0,60,57.0,1,LOW
S0883,3.6,63.0,66.0,44.0,5.98,7.18,20.0,60,57.0,3,HIGH
S0884,6.4,71.0,82.0,59.0,7.57,1.75,31.0,19,64.0,2,MEDIUM
S0885,5.7,78.0,34.0,71.0,7.76,1.8,39.0,50,65.0,1,LOW
S0886,7.8,81.0,68.0,80.0,6.43,9.68,19.0,47,71.0,1,LOW
S0887,5.6,68.0,67.0,39.0,6.07,3.66,5.0,2,42.0,3,HIGH
S0888,3.9,83.0,96.0,70.0,8.93,3.41,71.0,14,68.0,0,LOW
S0889,5.6,72.0,69.0,74.0,7.27,0.5,22.0,53,63.0,2,MEDIUM
S0890,6.5,78.0,81.0,85.0,7.76,4.62,33.0,32,81.0,0,LOW
S0891,6.0,85.0,77.0,82.0,6.01,4.93,55.0,42,82.0,0,LOW
S0892,5.4,78.0,43.0,81.0,5.54,7.29,100.0,32,69.0,1,LOW
S0893,6.4,73.0,87.0,60.0,6.32,2.0,10.0,28,64.0,2,MEDIUM
S0894,6.6,77.0,78.0,43.0,6.85,1.7,44.0,48,59.0,1,LOW
S0895,7.0,77.0,83.0,66.0,5.72,6.63,21.0,39,75.0,1,LOW
S0896,5.7,74.0,100.0,87.0,6.99,8.02,24.0,40,67.0,1,LOW
S0897,4.2,75.0,44.0,93.0,4.97,1.57,21.0,42,61.0,1,LOW
S0898,4.8,97.0,100.0,83.0,5.66,8.2,12.0,47,88.0,0,LOW
S0899,6.7,85.0,71.0,78.0,7.81,5.59,34.0,40,68.0,0,LOW
S0900,3.0,74.0,79.0,78.0,7.72,8.23,6.0,13,51.0,1,LOW
S0901,5.2,86.0,74.0,64.0,6.53,5.32,54.0,12,56.0,1,LOW
S0902,3.8,74.0,69.0,70.0,5.78,0.5,36.0,8,77.0,2,MEDIUM
S0903,4.6,92.0,66.0,97.0,5.77,5.12,43.0,15,75.0,1,LOW
S0904,6.8,82.0,80.0,58.0,6.55,8.15,26.0,26,60.0,1,LOW
S0905,4.8,77.0,52.0,96.0,7.77,3.27,28.0,12,65.0,1,LOW
S0906,4.6,83.0,86.0,67.0,8.11,4.53,41.0,43,63.0,1,LOW
S0907,2.1,59.0,69.0,92.0,6.4,5.06,12.0,51,46.0,2,MEDIUM
S0908,5.8,64.0,58.0,51.0,5.62,0.5,28.0,46,61.0,3,HIGH
S0909,5.7,64.0,68.0,81.0,7.32,9.68,18.0,27,62.0,2,MEDIUM
S0910,8.4,80.0,94.0,61.0,6.01,3.25,17.0,18,79.0,1,LOW
S0911,3.9,99.0,67.0,51.0,6.38,6.76,0.0,45,53.0,2,MEDIUM
S0912,4.9,100.0,80.0,75.0,8.59,5.28,62.0,36,74.0,0,LOW
S0913,4.9,86.0,64.0,87.0,7.99,8.64,21.0,49,52.0,1,LOW
S0914,7.3,84.0,86.0,59.0,7.19,6.52,58.0,51,78.0,1,LOW
S0915,4.3,56.0,85.0,50.0,5.47,4.91,56.0,27,52.0,2,MEDIUM
S0916,5.0,71.0,100.0,71.0,7.25,3.27,9.0,9,64.0,1,LOW
S0917,5.6,69.0,72.0,71.0,8.28,7.49,13.0,55,58.0,1,LOW
S0918,4.8,71.0,85.0,80.0,6.55,0.82,86.0,39,64.0,1,LOW
S0919,3.7,76.0,76.0,86.0,8.62,7.11,70.0,1,65.0,0,LOW
S0920,4.8,72.0,94.0,71.0,8.55,2.75,34.0,7,66.0,1,LOW
S0921,6.4,54.0,64.0,100.0,9.0,8.63,40.0,26,68.0,2,MEDIUM
S0922,2.7,87.0,86.0,75.0,7.37,5.9,22.0,7,53.0,0,LOW
S0923,4.7,65.0,72.0,67.0,7.7,7.11,44.0,52,66.0,2,MEDIUM
S0924,3.2,81.0,74.0,48.0,8.7,5.7,21.0,7,55.0,1,LOW
S0925,6.7,100.0,76.0,68.0,7.54,1.12,0.0,8,65.0,1,LOW
S0926,1.8,67.0,79.0,67.0,6.4,3.35,9.0,16,50.0,3,HIGH
S0927,3.5,48.0,73.0,86.0,6.46,7.18,35.0,3,65.0,1,LOW
S0928,5.2,75.0,78.0,79.0,7.29,5.92,12.0,45,64.0,0,LOW
S0929,7.3,91.0,99.0,54.0,5.45,8.45,34.0,10,65.0,1,LOW
S0930,4.4,100.0,90.0,75.0,6.83,6.51,14.0,50,69.0,0,LOW
S0931,3.5,63.0,88.0,82.0,8.32,3.08,19.0,7,59.0,1,LOW
S0932,7.9,84.0,68.0,95.0,4.37,3.51,52.0,21,77.0,1,LOW
S0933,1.9,72.0,62.0,85.0,8.84,5.76,40.0,53,57.0,3,HIGH
S0934,0.5,77.0,89.0,83.0,8.35,0.5,35.0,37,70.0,1,LOW
S0935,5.3,100.0,88.0,73.0,6.45,9.68,53.0,31,85.0,0,LOW
S0936,3.6,60.0,97.0,78.0,7.65,6.6,45.0,23,75.0,1,LOW
S0937,2.7,81.0,66.0,91.0,7.0,8.57,64.0,57,64.0,1,LOW
S0938,5.8,84.0,72.0,52.0,8.48,1.55,26.0,27,76.0,1,LOW
S0939,4.9,91.0,50.0,67.0,8.18,8.61,26.0,56,60.0,2,MEDIUM
S0940,3.5,79.0,69.0,60.0,5.32,11.08,9.0,22,45.0,2,MEDIUM
S0941,2.2,82.0,90.0,78.0,7.7,2.2,26.0,39,66.0,0,LOW
S0942,6.1,73.0,68.0,90.0,6.75,7.43,54.0,57,68.0,2,MEDIUM
S0943,5.7,81.0,85.0,63.0,7.1,5.5,61.0,27,62.0,1,LOW
S0944,4.3,74.0,72.0,36.0,6.13,1.64,54.0,54,48.0,2,MEDIUM
S0945,7.8,85.0,80.0,66.0,9.1,6.73,0.0,49,68.0,1,LOW
S0946,2.6,74.0,58.0,86.0,8.25,7.58,57.0,4,64.0,2,MEDIUM
S0947,1.8,83.0,76.0,80.0,6.11,4.0,0.0,24,64.0,1,LOW
S0948,3.3,78.0,30.0,78.0,5.4,8.41,53.0,23,44.0,1,LOW
S0949,4.4,92.0,72.0,68.0,6.54,1.33,28.0,48,64.0,1,LOW
S0950,4.9,77.0,51.0,53.0,7.52,1.76,49.0,19,59.0,2,MEDIUM
S0951,4.1,57.0,93.0,80.0,7.29,5.84,8.0,42,65.0,1,LOW
S0952,5.1,93.0,87.0,59.0,8.5,5.56,58.0,3,73.0,1,LOW
S0953,2.2,67.0,82.0,100.0,7.95,3.71,6.0,27,62.0,1,LOW
S0954,7.1,70.0,98.0,81.0,8.16,7.52,22.0,3,83.0,1,LOW
S0955,4.4,71.0,61.0,63.0,7.39,6.83,15.0,28,54.0,3,HIGH
S0956,6.5,94.0,100.0,63.0,5.33,7.65,0.0,17,75.0,1,LOW
S0957,5.1,52.0,89.0,71.0,6.77,5.19,37.0,31,63.0,1,LOW
S0958,5.3,100.0,71.0,68.0,8.27,7.01,71.0,10,70.0,1,LOW
S0959,5.5,91.0,92.0,89.0,6.94,4.39,88.0,49,74.0,0,LOW
S0960,5.3,81.0,58.0,75.0,7.6,10.63,37.0,22,56.0,1,LOW
S0961,5.7,77.0,63.0,61.0,6.62,3.47,57.0,30,63.0,2,MEDIUM
S0962,6.9,81.0,66.0,100.0,5.76,10.76,40.0,49,75.0,1,LOW
S0963,4.9,84.0,67.0,73.0,6.85,5.59,45.0,21,81.0,1,LOW
S0964,5.8,86.0,59.0,84.0,7.37,2.06,28.0,36,67.0,1,LOW
S0965,4.3,85.0,93.0,63.0,6.21,8.92,39.0,53,57.0,1,LOW
S0966,7.1,79.0,71.0,77.0,6.72,5.81,46.0,23,82.0,0,LOW
S0967,3.3,76.0,80.0,77.0,5.87,7.63,23.0,38,68.0,0,LOW
S0968,7.7,76.0,66.0,44.0,8.34,8.56,33.0,12,52.0,2,MEDIUM
S0969,4.4,76.0,48.0,100.0,6.65,6.34,34.0,25,67.0,1,LOW
S0970,1.9,92.0,79.0,91.0,8.74,4.02,52.0,54,74.0,1,LOW
S0971,4.7,85.0,46.0,66.0,8.83,7.94,14.0,57,54.0,2,MEDIUM
S0972,3.3,43.0,74.0,55.0,6.9,5.5,34.0,20,52.0,2,MEDIUM
S0973,6.0,86.0,54.0,77.0,5.79,7.21,73.0,49,64.0,1,LOW
S0974,3.3,80.0,100.0,73.0,4.5,0.5,58.0,49,76.0,0,LOW
S0975,3.7,78.0,89.0,77.0,5.23,6.62,62.0,42,66.0,0,LOW
S0976,1.1,73.0,77.0,75.0,5.35,3.9,35.0,7,41.0,2,MEDIUM
S0977,3.7,91.0,94.0,80.0,8.65,9.63,41.0,29,71.0,0,LOW
S0978,0.5,89.0,62.0,94.0,7.14,7.06,55.0,48,50.0,2,MEDIUM
S0979,1.6,69.0,83.0,81.0,7.47,6.1,66.0,29,69.0,2,MEDIUM
S0980,5.9,83.0,78.0,56.0,4.34,6.72,0.0,13,53.0,1,LOW
S0981,5.9,66.0,79.0,92.0,5.56,3.0,9.0,3,57.0,1,LOW
S0982,5.3,61.0,94.0,97.0,8.06,9.56,61.0,2,66.0,1,LOW
S0983,2.8,70.0,86.0,100.0,7.34,10.48,29.0,16,66.0,1,LOW
S0984,4.4,88.0,79.0,55.0,6.82,6.48,22.0,30,61.0,1,LOW
S0985,4.5,89.0,50.0,76.0,7.68,9.48,10.0,38,48.0,1,LOW
S0986,2.4,84.0,61.0,41.0,8.96,4.08,24.0,6,40.0,2,MEDIUM
S0987,7.2,87.0,73.0,80.0,6.73,3.51,7.0,45,72.0,0,LOW
S0988,6.1,84.0,76.0,64.0,7.08,5.6,77.0,7,77.0,1,LOW
S0989,4.1,70.0,58.0,100.0,7.23,6.59,35.0,5,58.0,2,MEDIUM
S0990,4.5,83.0,100.0,60.0,9.87,4.52,34.0,56,70.0,1,LOW
S0991,4.9,88.0,98.0,47.0,4.48,6.84,47.0,7,55.0,1,LOW
S0992,0.8,87.0,84.0,65.0,7.82,6.27,54.0,34,60.0,2,MEDIUM
S0993,4.1,92.0,76.0,42.0,6.86,3.0,54.0,32,64.0,1,LOW
S0994,3.3,86.0,72.0,83.0,7.68,6.8,56.0,49,69.0,0,LOW
S0995,2.7,82.0,61.0,41.0,6.21,7.66,22.0,13,51.0,2,MEDIUM
S0996,4.0,91.0,76.0,72.0,6.94,5.93,29.0,30,70.0,0,LOW
S0997,7.7,78.0,79.0,41.0,7.85,8.38,50.0,25,75.0,1,LOW
S0998,5.7,67.0,56.0,67.0,10.74,2.46,24.0,21,60.0,3,HIGH
S0999,3.5,76.0,80.0,97.0,7.97,6.67,35.0,60,81.0,0,LOW
S1000,5.5,69.0,73.0,77.0,5.98,2.57,43.0,59,63.0,1,LOW
