student_id,study_hours,attendance,assignment_completion,quiz_average,sleep_hours,phone_usage,dsa_problems,exam_days_remaining,final_score
S0001,5.4,95.0,65.0,43.0,5.96,4.44,13.0,39,62
S0002,4.3,89.0,73.0,59.0,6.96,4.37,22.0,52,67
S0003,5.7,79.0,63.0,66.0,7.02,1.01,16.0,9,67
S0004,7.2,70.0,70.0,100.0,7.57,4.67,24.0,41,82
S0005,4.1,86.0,47.0,80.0,5.36,7.33,31.0,8,67
S0006,4.1,83.0,78.0,52.0,7.71,2.31,52.0,14,68
S0007,7.3,89.0,75.0,79.0,3.75,8.12,29.0,33,80
S0008,5.9,86.0,63.0,49.0,6.24,6.72,3.0,23,62
S0009,3.7,91.0,85.0,88.0,6.41,3.66,58.0,21,81
S0010,5.5,72.0,89.0,65.0,7.76,5.15,18.0,55,72
S0011,3.7,94.0,51.0,71.0,7.03,9.5,34.0,12,66
S0012,3.7,80.0,64.0,92.0,5.31,7.33,44.0,57,74
S0013,4.9,100.0,63.0,53.0,5.82,5.52,39.0,2,67
S0014,1.1,70.0,61.0,51.0,7.24,4.91,57.0,13,56
S0015,1.4,99.0,87.0,63.0,6.91,5.69,45.0,59,70
S0016,3.5,80.0,72.0,88.0,6.31,4.22,18.0,4,72
S0017,2.7,70.0,71.0,49.0,6.42,0.5,79.0,20,63
S0018,5.1,72.0,45.0,30.0,7.84,10.61,39.0,50,52
S0019,2.9,74.0,85.0,65.0,6.38,5.89,32.0,51,68
S0020,2.0,83.0,56.0,80.0,6.89,6.5,54.0,48,67
S0021,7.1,84.0,76.0,90.0,9.6,5.36,40.0,59,84
S0022,4.1,71.0,79.0,65.0,5.29,3.66,43.0,14,69
S0023,4.6,78.0,95.0,66.0,4.78,5.04,85.0,30,80
S0024,1.9,100.0,55.0,89.0,7.94,1.5,29.0,29,69
S0025,3.5,99.0,30.0,44.0,6.19,11.19,29.0,8,52
S0026,4.7,83.0,78.0,66.0,6.62,2.41,37.0,12,72
S0027,2.4,78.0,100.0,75.0,6.06,2.92,56.0,41,76
S0028,5.2,79.0,94.0,79.0,6.69,4.4,5.0,38,77
S0029,3.4,85.0,78.0,64.0,8.92,8.72,0.0,26,65
S0030,4.0,66.0,68.0,73.0,7.96,5.54,23.0,50,66
S0031,3.4,75.0,87.0,35.0,8.03,2.41,2.0,2,57
S0032,7.8,58.0,60.0,62.0,5.3,8.64,27.0,55,67
S0033,4.5,83.0,82.0,79.0,5.62,7.33,45.0,40,77
S0034,2.6,86.0,83.0,57.0,3.59,6.85,17.0,56,64
S0035,6.0,72.0,91.0,73.0,6.03,7.29,6.0,14,75
S0036,2.3,97.0,100.0,79.0,8.15,11.49,36.0,6,78
S0037,4.9,63.0,81.0,67.0,7.62,10.96,52.0,42,72
S0038,1.0,60.0,67.0,75.0,6.73,3.78,1.0,40,57
S0039,2.1,81.0,75.0,58.0,6.97,9.56,51.0,31,64
S0040,4.9,91.0,48.0,69.0,6.17,6.46,51.0,17,68
S0041,5.8,98.0,65.0,81.0,7.25,6.75,54.0,25,79
S0042,4.8,72.0,69.0,74.0,7.92,1.27,59.0,32,73
S0043,4.3,91.0,67.0,63.0,5.06,5.07,79.0,12,73
S0044,4.0,78.0,77.0,75.0,7.36,3.47,28.0,49,71
S0045,1.8,76.0,63.0,83.0,8.12,7.57,37.0,13,66
S0046,3.2,89.0,92.0,41.0,6.5,8.18,27.0,19,65
S0047,3.7,86.0,75.0,89.0,7.84,0.5,35.0,44,76
S0048,6.4,59.0,75.0,67.0,10.38,5.44,66.0,48,74
S0049,5.1,96.0,70.0,78.0,6.87,8.3,8.0,25,73
S0050,1.3,95.0,77.0,90.0,7.47,5.03,18.0,31,72
S0051,5.1,70.0,87.0,51.0,6.11,7.32,63.0,59,71
S0052,3.8,83.0,62.0,61.0,7.22,6.38,55.0,37,66
S0053,3.3,84.0,65.0,68.0,7.55,6.35,28.0,25,65
S0054,5.6,81.0,70.0,60.0,7.23,4.82,52.0,16,71
S0055,6.4,71.0,55.0,98.0,5.78,2.46,42.0,57,78
S0056,6.2,70.0,63.0,59.0,7.25,2.7,65.0,38,70
S0057,3.0,78.0,68.0,64.0,8.75,7.27,36.0,43,64
S0058,3.9,92.0,88.0,75.0,7.54,5.55,56.0,49,79
S0059,5.1,85.0,79.0,54.0,8.15,5.15,88.0,58,75
S0060,6.3,74.0,78.0,66.0,6.72,4.44,47.0,23,75
S0061,3.6,87.0,88.0,77.0,7.9,4.74,36.0,14,76
S0062,4.2,44.0,73.0,67.0,7.34,8.12,49.0,6,65
S0063,2.5,92.0,81.0,71.0,5.86,4.66,28.0,25,70
S0064,2.3,57.0,73.0,64.0,7.38,2.15,83.0,23,66
S0065,6.0,74.0,79.0,49.0,5.81,7.36,39.0,60,68
S0066,6.9,65.0,66.0,77.0,6.24,4.99,30.0,43,73
S0067,4.4,62.0,38.0,98.0,7.23,5.58,18.0,12,66
S0068,6.3,92.0,73.0,72.0,7.36,9.52,57.0,13,79
S0069,5.2,72.0,96.0,75.0,5.57,5.45,52.0,36,80
S0070,3.3,82.0,89.0,82.0,8.26,6.22,25.0,39,75
S0071,5.2,77.0,89.0,53.0,7.69,2.55,47.0,34,72
S0072,7.3,84.0,94.0,98.0,6.15,4.95,5.0,6,87
S0073,4.4,79.0,76.0,75.0,5.15,7.02,39.0,38,73
S0074,7.3,63.0,78.0,96.0,6.83,1.61,44.0,50,84
S0075,0.5,90.0,66.0,61.0,6.46,6.0,69.0,52,63
S0076,6.0,72.0,70.0,99.0,7.14,5.75,20.0,40,79
S0077,4.7,59.0,84.0,84.0,6.56,5.6,9.0,8,72
S0078,4.0,73.0,93.0,80.0,4.59,8.09,17.0,8,75
S0079,4.7,96.0,73.0,76.0,6.53,6.34,8.0,40,72
S0080,0.9,88.0,68.0,68.0,6.63,9.2,62.0,33,65
S0081,4.1,74.0,75.0,90.0,7.76,3.02,66.0,34,78
S0082,5.1,74.0,84.0,74.0,6.16,5.84,41.0,44,75
S0083,7.2,74.0,53.0,42.0,9.01,5.71,59.0,15,64
S0084,3.6,100.0,41.0,55.0,4.71,2.83,38.0,36,60
S0085,3.0,83.0,67.0,69.0,8.57,7.89,33.0,60,66
S0086,3.6,83.0,57.0,77.0,6.73,11.31,28.0,57,67
S0087,6.1,90.0,67.0,71.0,8.03,5.46,29.0,35,73
S0088,5.1,81.0,73.0,90.0,7.1,6.76,4.0,46,75
S0089,3.5,75.0,68.0,43.0,8.37,5.71,40.0,22,59
S0090,5.4,76.0,97.0,74.0,6.54,3.72,34.0,23,79
S0091,4.7,77.0,80.0,45.0,5.68,0.95,50.0,40,66
S0092,6.2,78.0,80.0,83.0,8.7,3.74,37.0,45,80
S0093,3.2,87.0,84.0,71.0,6.86,2.02,32.0,55,72
S0094,3.9,79.0,58.0,78.0,7.27,9.76,18.0,51,66
S0095,3.8,87.0,91.0,59.0,8.48,5.21,36.0,22,72
S0096,1.9,77.0,74.0,91.0,5.76,4.64,50.0,5,73
S0097,5.0,79.0,85.0,88.0,7.71,7.72,12.0,31,78
S0098,5.0,54.0,59.0,81.0,6.29,2.7,37.0,13,68
S0099,4.5,89.0,52.0,70.0,6.84,3.58,40.0,28,67
S0100,4.1,82.0,87.0,81.0,7.09,5.67,21.0,58,75
S0101,2.0,90.0,81.0,61.0,5.2,8.07,23.0,20,65
S0102,3.7,43.0,61.0,85.0,6.07,6.75,40.0,33,65
S0103,3.9,100.0,62.0,97.0,8.62,6.12,12.0,16,75
S0104,3.1,76.0,92.0,88.0,8.06,5.7,42.0,29,78
S0105,4.2,91.0,57.0,61.0,6.92,6.5,17.0,23,63
S0106,5.2,66.0,100.0,77.0,7.29,6.0,56.0,24,81
S0107,7.9,85.0,61.0,53.0,6.65,2.93,82.0,34,75
S0108,4.8,65.0,85.0,81.0,8.63,5.62,18.0,7,74
S0109,5.0,71.0,70.0,79.0,6.76,2.82,46.0,38,73
S0110,4.4,100.0,84.0,44.0,7.28,5.7,20.0,37,67
S0111,1.0,76.0,67.0,55.0,8.38,4.3,56.0,4,59
S0112,4.5,81.0,73.0,68.0,6.07,11.85,10.0,34,68
S0113,4.6,88.0,76.0,67.0,8.87,5.4,45.0,42,73
S0114,8.9,84.0,60.0,54.0,5.16,1.99,18.0,22,70
S0115,4.2,80.0,86.0,78.0,8.96,5.16,31.0,5,75
S0116,5.0,82.0,67.0,76.0,6.55,6.8,14.0,50,70
S0117,4.4,100.0,72.0,69.0,6.71,9.68,51.0,42,74
S0118,2.4,77.0,60.0,61.0,4.73,4.03,18.0,23,58
S0119,6.6,80.0,37.0,88.0,6.45,1.54,46.0,54,72
S0120,5.9,91.0,72.0,97.0,5.75,7.54,28.0,60,82
S0121,5.9,91.0,100.0,65.0,6.27,2.05,33.0,15,80
S0122,2.9,92.0,87.0,63.0,6.84,4.41,38.0,31,71
S0123,7.0,86.0,75.0,79.0,8.15,4.86,20.0,59,78
S0124,2.0,64.0,71.0,67.0,7.25,5.33,39.0,9,62
S0125,5.6,98.0,75.0,70.0,7.37,7.22,66.0,43,79
S0126,8.4,64.0,83.0,83.0,5.69,3.79,19.0,58,81
S0127,2.7,82.0,57.0,43.0,5.94,4.82,58.0,53,57
S0128,3.5,69.0,92.0,92.0,9.16,5.46,65.0,25,81
S0129,4.7,77.0,86.0,73.0,6.12,5.87,19.0,25,73
S0130,3.6,82.0,86.0,66.0,8.99,5.74,6.0,49,68
S0131,1.7,82.0,82.0,71.0,6.71,6.59,41.0,21,68
S0132,4.6,83.0,75.0,71.0,7.0,7.61,24.0,9,71
S0133,2.6,97.0,85.0,46.0,8.28,6.48,72.0,55,69
S0134,5.4,83.0,84.0,94.0,8.53,6.63,36.0,48,83
S0135,2.8,75.0,70.0,73.0,6.87,1.54,19.0,38,65
S0136,7.3,90.0,66.0,79.0,6.53,5.63,12.0,22,76
S0137,3.1,92.0,77.0,86.0,6.93,6.7,57.0,43,78
S0138,3.9,63.0,98.0,57.0,7.41,7.32,24.0,23,68
S0139,6.0,85.0,56.0,79.0,8.07,3.77,36.0,49,73
S0140,2.3,86.0,53.0,68.0,7.01,3.85,54.0,4,63
S0141,4.9,74.0,77.0,85.0,7.74,4.06,25.0,29,75
S0142,6.9,95.0,76.0,40.0,8.97,6.84,34.0,15,69
S0143,1.6,76.0,78.0,71.0,7.46,8.08,35.0,1,66
S0144,4.8,80.0,79.0,63.0,7.37,4.48,49.0,54,72
S0145,5.0,76.0,72.0,78.0,5.18,7.77,47.0,30,74
S0146,5.9,78.0,97.0,79.0,3.84,5.81,31.0,29,81
S0147,2.3,65.0,51.0,61.0,7.47,5.19,36.0,20,56
S0148,2.1,61.0,63.0,61.0,6.89,4.97,28.0,33,57
S0149,5.4,97.0,73.0,70.0,6.38,7.37,5.0,41,72
S0150,5.0,68.0,50.0,59.0,7.29,6.31,40.0,44,61
S0151,5.0,66.0,72.0,85.0,6.93,11.19,73.0,36,78
S0152,5.1,52.0,100.0,66.0,8.35,3.37,17.0,60,71
S0153,3.3,70.0,75.0,28.0,7.1,6.8,20.0,22,53
S0154,4.9,62.0,78.0,66.0,6.1,4.18,18.0,13,67
S0155,5.0,98.0,56.0,56.0,8.19,3.33,49.0,7,67
S0156,3.2,90.0,66.0,48.0,6.74,5.47,44.0,8,62
S0157,7.9,70.0,69.0,53.0,7.63,5.84,32.0,28,69
S0158,5.4,100.0,70.0,74.0,6.43,12.0,17.0,45,74
S0159,2.4,90.0,94.0,92.0,6.22,5.04,37.0,43,80
S0160,5.7,74.0,83.0,77.0,7.1,2.67,4.0,9,74
S0161,2.7,48.0,58.0,63.0,7.02,6.18,38.0,25,57
S0162,5.9,100.0,79.0,79.0,7.58,0.5,52.0,56,82
S0163,6.6,61.0,82.0,65.0,6.68,5.27,10.0,16,70
S0164,3.0,58.0,92.0,62.0,4.8,5.54,4.0,10,64
S0165,6.2,90.0,99.0,55.0,6.48,7.49,67.0,11,81
S0166,5.2,100.0,60.0,46.0,7.95,7.93,23.0,31,63
S0167,6.0,95.0,63.0,66.0,6.64,4.24,58.0,12,74
S0168,7.9,85.0,56.0,74.0,6.7,5.12,32.0,60,75
S0169,4.1,85.0,71.0,71.0,8.18,3.58,32.0,31,70
S0170,3.1,88.0,82.0,66.0,6.15,2.68,44.0,14,71
S0171,2.9,87.0,90.0,58.0,5.15,6.27,17.0,51,67
S0172,3.0,81.0,74.0,81.0,6.81,2.32,38.0,44,72
S0173,4.4,79.0,70.0,52.0,6.42,4.46,27.0,32,63
S0174,5.1,77.0,77.0,84.0,5.84,3.01,9.0,50,74
S0175,5.0,69.0,62.0,57.0,6.79,6.87,42.0,53,64
S0176,6.0,75.0,100.0,61.0,7.59,10.0,30.0,17,76
S0177,4.5,58.0,51.0,50.0,6.99,2.25,32.0,35,55
S0178,7.1,77.0,78.0,64.0,7.37,0.87,11.0,1,72
S0179,4.0,66.0,100.0,87.0,9.18,5.19,67.0,29,83
S0180,9.4,65.0,75.0,80.0,6.59,5.54,53.0,51,83
S0181,5.6,80.0,72.0,87.0,7.33,6.05,54.0,4,80
S0182,3.0,95.0,70.0,80.0,6.39,4.38,29.0,23,71
S0183,2.6,89.0,72.0,55.0,5.98,5.0,0.0,28,60
S0184,5.4,59.0,96.0,67.0,6.3,6.42,74.0,16,78
S0185,4.1,66.0,42.0,60.0,6.43,8.1,34.0,12,57
S0186,5.8,89.0,98.0,92.0,7.43,0.61,20.0,53,86
S0187,5.4,66.0,54.0,54.0,9.82,4.58,43.0,21,62
S0188,4.4,75.0,71.0,85.0,6.14,6.03,58.0,45,76
S0189,3.0,85.0,69.0,85.0,6.5,3.21,35.0,17,72
S0190,1.8,66.0,84.0,99.0,6.92,9.83,61.0,40,77
S0191,3.7,79.0,51.0,66.0,7.47,3.91,57.0,13,64
S0192,6.0,62.0,82.0,83.0,7.32,5.4,13.0,52,75
S0193,4.9,71.0,100.0,100.0,8.54,6.89,22.0,58,84
S0194,2.3,82.0,55.0,63.0,4.09,4.02,54.0,32,62
S0195,4.8,59.0,78.0,49.0,4.14,0.88,0.0,37,59
S0196,5.2,83.0,65.0,44.0,6.4,4.43,32.0,50,62
S0197,2.9,78.0,81.0,83.0,8.32,8.07,6.0,15,70
S0198,4.8,85.0,75.0,44.0,5.12,4.66,25.0,12,64
S0199,4.6,81.0,65.0,66.0,3.39,3.38,29.0,49,67
S0200,2.4,94.0,82.0,79.0,7.69,7.81,28.0,57,73
S0201,5.1,80.0,100.0,75.0,7.29,4.67,24.0,15,79
S0202,5.5,73.0,72.0,78.0,5.69,4.22,13.0,34,71
S0203,6.4,79.0,86.0,75.0,5.82,5.87,81.0,6,84
S0204,6.4,85.0,56.0,91.0,5.84,7.43,72.0,17,81
S0205,2.0,79.0,61.0,58.0,7.13,11.45,12.0,48,57
S0206,2.8,78.0,82.0,62.0,6.25,7.57,67.0,49,70
S0207,5.4,70.0,97.0,60.0,7.59,8.4,27.0,57,73
S0208,5.4,70.0,80.0,84.0,3.57,4.24,38.0,20,77
S0209,5.4,61.0,70.0,86.0,5.97,2.94,34.0,9,73
S0210,10.0,99.0,75.0,79.0,5.65,5.66,22.0,59,86
S0211,5.5,63.0,56.0,90.0,6.69,5.77,55.0,5,74
S0212,6.5,70.0,84.0,54.0,6.35,2.8,38.0,23,71
S0213,6.2,69.0,88.0,97.0,7.96,5.06,25.0,33,83
S0214,5.7,89.0,68.0,95.0,4.77,6.5,9.0,38,78
S0215,3.9,74.0,68.0,83.0,7.05,6.4,17.0,56,69
S0216,5.9,93.0,79.0,99.0,7.67,6.76,2.0,14,82
S0217,3.1,70.0,68.0,47.0,9.23,6.23,35.0,17,58
S0218,4.1,81.0,74.0,64.0,6.42,4.23,11.0,57,66
S0219,3.6,68.0,100.0,61.0,7.39,4.22,30.0,19,71
S0220,4.6,100.0,71.0,83.0,4.84,2.5,62.0,33,80
S0221,8.7,64.0,70.0,56.0,4.13,9.96,59.0,1,74
S0222,1.1,82.0,65.0,83.0,8.01,5.53,34.0,13,66
S0223,5.7,86.0,86.0,93.0,6.99,4.94,33.0,46,84
S0224,1.6,83.0,72.0,82.0,8.41,3.18,73.0,27,72
S0225,3.7,76.0,65.0,76.0,5.35,12.0,45.0,6,69
S0226,6.5,76.0,95.0,57.0,7.62,2.82,28.0,59,75
S0227,4.6,79.0,96.0,59.0,9.24,4.43,6.0,6,70
S0228,2.6,76.0,66.0,91.0,7.5,6.54,43.0,33,72
S0229,3.2,90.0,47.0,84.0,7.33,7.0,52.0,30,69
S0230,5.7,100.0,90.0,71.0,7.01,7.89,22.0,46,79
S0231,3.2,71.0,65.0,66.0,5.11,10.02,41.0,35,64
S0232,4.9,62.0,87.0,42.0,8.63,6.77,28.0,23,63
S0233,4.6,77.0,45.0,56.0,6.27,2.86,31.0,10,59
S0234,3.3,100.0,88.0,100.0,7.61,4.86,0.0,51,80
S0235,8.4,68.0,57.0,53.0,5.12,6.27,31.0,19,67
S0236,5.6,98.0,86.0,75.0,5.58,10.67,54.0,51,82
S0237,0.9,98.0,75.0,87.0,8.72,2.01,22.0,28,70
S0238,4.8,71.0,61.0,53.0,6.58,8.51,36.0,23,62
S0239,3.3,85.0,69.0,75.0,8.74,5.95,20.0,4,68
S0240,6.0,98.0,85.0,86.0,6.91,7.59,42.0,20,85
S0241,3.1,73.0,77.0,72.0,4.79,5.25,31.0,19,68
S0242,4.3,76.0,84.0,100.0,8.07,3.39,16.0,42,79
S0243,5.4,71.0,100.0,47.0,6.29,7.38,62.0,27,74
S0244,6.1,66.0,52.0,88.0,7.84,7.14,54.0,57,74
S0245,2.3,70.0,99.0,69.0,7.03,7.93,23.0,34,70
S0246,3.9,63.0,77.0,84.0,5.15,5.47,45.0,4,73
S0247,3.6,78.0,62.0,79.0,7.2,4.0,46.0,56,70
S0248,3.3,69.0,55.0,61.0,9.64,1.6,48.0,38,61
S0249,7.7,81.0,72.0,75.0,7.59,7.55,1.0,7,75
S0250,5.2,59.0,89.0,44.0,6.93,6.56,55.0,48,67
S0251,2.2,82.0,73.0,81.0,8.29,3.09,24.0,7,68
S0252,6.2,88.0,98.0,76.0,7.25,4.15,28.0,50,83
S0253,8.3,54.0,53.0,82.0,7.25,4.33,88.0,52,78
S0254,6.4,82.0,75.0,88.0,5.69,1.79,41.0,26,81
S0255,1.8,93.0,56.0,78.0,7.28,3.46,27.0,26,64
S0256,3.6,63.0,80.0,74.0,8.24,2.67,0.0,54,66
S0257,6.8,98.0,88.0,59.0,6.0,4.47,63.0,19,81
S0258,3.2,83.0,69.0,61.0,8.71,3.65,8.0,9,62
S0259,5.3,70.0,36.0,90.0,6.89,1.43,15.0,20,65
S0260,5.9,77.0,78.0,94.0,5.93,10.56,28.0,42,81
S0261,2.8,85.0,82.0,68.0,8.2,8.63,63.0,45,72
S0262,4.4,79.0,81.0,73.0,6.66,3.55,50.0,50,75
S0263,0.5,84.0,94.0,58.0,7.91,6.18,32.0,16,65
S0264,2.7,67.0,59.0,90.0,6.65,6.54,41.0,54,68
S0265,4.0,80.0,85.0,82.0,6.93,8.48,23.0,17,75
S0266,2.3,61.0,93.0,100.0,7.59,3.45,38.0,22,78
S0267,7.4,77.0,48.0,59.0,7.35,8.23,36.0,13,66
S0268,1.9,67.0,80.0,66.0,4.61,4.13,54.0,12,66
S0269,3.7,69.0,67.0,75.0,5.65,2.16,54.0,10,69
S0270,4.7,93.0,74.0,82.0,8.12,7.31,45.0,1,78
S0271,7.1,91.0,80.0,69.0,6.84,8.73,28.0,32,78
S0272,1.9,85.0,68.0,59.0,6.37,11.97,50.0,30,63
S0273,6.6,65.0,65.0,85.0,5.37,2.5,33.0,8,75
S0274,4.5,74.0,76.0,83.0,5.7,7.25,13.0,21,72
S0275,2.7,93.0,59.0,58.0,4.57,4.48,27.0,22,61
S0276,5.3,80.0,59.0,92.0,6.88,7.46,37.0,18,75
S0277,4.9,100.0,85.0,90.0,6.28,1.82,53.0,2,85
S0278,3.4,83.0,58.0,74.0,5.84,2.34,31.0,48,66
S0279,4.6,80.0,85.0,73.0,6.92,3.56,11.0,44,72
S0280,3.8,74.0,82.0,80.0,7.44,5.7,36.0,9,74
S0281,4.7,80.0,49.0,59.0,9.51,3.9,37.0,3,62
S0282,5.7,76.0,65.0,72.0,5.19,7.15,39.0,54,71
S0283,7.4,86.0,93.0,40.0,8.39,8.07,53.0,26,75
S0284,2.3,89.0,60.0,85.0,8.17,7.0,55.0,21,71
S0285,8.3,69.0,68.0,49.0,6.07,9.55,23.0,30,68
S0286,1.0,62.0,82.0,95.0,7.24,6.54,23.0,28,69
S0287,4.2,56.0,87.0,67.0,6.45,2.46,14.0,36,67
S0288,5.6,84.0,71.0,69.0,7.22,8.91,49.0,26,74
S0289,5.0,65.0,66.0,63.0,8.81,3.99,64.0,34,68
S0290,3.4,52.0,96.0,68.0,7.73,7.78,29.0,8,69
S0291,4.1,83.0,100.0,93.0,7.61,9.43,30.0,10,83
S0292,3.6,100.0,90.0,35.0,6.48,6.64,64.0,48,68
S0293,3.4,78.0,76.0,91.0,5.22,1.76,45.0,55,76
S0294,6.0,88.0,63.0,77.0,6.75,3.2,44.0,43,75
S0295,5.1,79.0,63.0,54.0,8.45,8.81,11.0,50,62
S0296,3.3,77.0,83.0,56.0,5.17,5.08,49.0,54,67
S0297,6.1,89.0,81.0,97.0,5.73,5.7,16.0,14,83
S0298,5.1,75.0,96.0,58.0,7.15,7.4,12.0,40,71
S0299,6.0,81.0,85.0,55.0,5.82,7.24,28.0,55,72
S0300,5.6,82.0,52.0,89.0,6.05,6.2,23.0,15,72
S0301,3.0,70.0,91.0,77.0,6.49,4.98,31.0,17,72
S0302,3.5,90.0,60.0,58.0,5.36,4.72,6.0,53,60
S0303,5.8,76.0,69.0,75.0,5.83,7.64,54.0,18,75
S0304,5.6,69.0,79.0,57.0,7.84,6.88,58.0,32,71
S0305,4.5,84.0,100.0,89.0,5.43,4.86,0.0,38,80
S0306,4.7,67.0,100.0,88.0,5.08,8.21,55.0,23,83
S0307,6.8,78.0,84.0,80.0,6.24,5.18,19.0,46,79
S0308,3.4,78.0,72.0,77.0,7.88,3.37,52.0,23,72
S0309,5.5,91.0,83.0,98.0,6.76,3.6,34.0,35,85
S0310,4.1,84.0,88.0,72.0,6.44,3.05,36.0,39,75
S0311,4.1,78.0,70.0,54.0,7.05,4.82,31.0,15,64
S0312,6.5,88.0,100.0,79.0,4.91,8.58,59.0,53,88
S0313,6.0,95.0,78.0,100.0,7.59,3.49,10.0,24,84
S0314,6.0,85.0,82.0,57.0,7.46,5.97,47.0,28,74
S0315,6.8,78.0,85.0,67.0,6.51,3.86,57.0,16,79
S0316,4.5,62.0,81.0,78.0,8.21,4.85,49.0,16,74
S0317,5.7,65.0,88.0,71.0,5.65,1.72,81.0,40,79
S0318,3.9,74.0,66.0,57.0,8.35,4.95,24.0,39,62
S0319,5.1,71.0,67.0,89.0,7.19,5.02,54.0,6,77
S0320,4.3,76.0,58.0,100.0,6.6,6.85,33.0,2,75
S0321,4.7,79.0,82.0,75.0,6.98,6.06,60.0,54,77
S0322,5.6,84.0,87.0,58.0,6.87,2.5,35.0,13,73
S0323,3.0,77.0,82.0,49.0,8.46,8.21,27.0,44,62
S0324,8.3,84.0,100.0,76.0,5.71,6.03,61.0,47,90
S0325,2.7,79.0,75.0,89.0,6.08,6.0,25.0,59,72
S0326,2.3,54.0,85.0,79.0,8.24,5.48,7.0,9,65
S0327,6.6,67.0,59.0,72.0,6.29,4.21,25.0,34,69
S0328,5.9,76.0,69.0,63.0,8.08,6.04,47.0,17,71
S0329,5.6,63.0,85.0,56.0,9.04,6.69,63.0,27,72
S0330,5.6,85.0,88.0,85.0,6.52,1.13,37.0,29,82
S0331,4.5,96.0,71.0,86.0,7.82,4.15,61.0,37,80
S0332,2.9,93.0,74.0,49.0,5.62,4.86,8.0,43,61
S0333,4.6,75.0,52.0,96.0,7.91,6.14,26.0,22,72
S0334,3.3,96.0,70.0,81.0,7.24,8.48,29.0,51,73
S0335,6.3,80.0,88.0,93.0,7.57,3.57,33.0,24,85
S0336,4.2,74.0,84.0,52.0,6.23,4.26,37.0,7,67
S0337,3.0,71.0,83.0,52.0,5.01,4.22,49.0,34,65
S0338,3.9,74.0,76.0,70.0,7.6,3.5,26.0,48,68
S0339,5.2,73.0,75.0,80.0,4.52,4.63,38.0,12,75
S0340,3.5,80.0,65.0,99.0,6.62,7.43,34.0,23,75
S0341,3.0,80.0,85.0,83.0,8.13,2.87,16.0,15,73
S0342,4.9,78.0,81.0,68.0,7.23,6.57,33.0,33,72
S0343,4.9,83.0,82.0,57.0,9.34,1.25,32.0,57,70
S0344,3.6,92.0,67.0,90.0,8.23,4.1,32.0,13,75
S0345,3.7,89.0,43.0,58.0,6.22,4.68,36.0,23,59
S0346,4.9,60.0,91.0,96.0,7.03,9.69,37.0,38,81
S0347,1.9,47.0,68.0,68.0,6.94,4.81,26.0,32,58
S0348,2.0,89.0,62.0,96.0,5.1,0.5,60.0,45,74
S0349,3.2,62.0,85.0,82.0,5.87,0.5,12.0,50,70
S0350,4.1,75.0,69.0,70.0,6.33,5.59,21.0,35,67
S0351,5.1,64.0,91.0,64.0,4.56,7.03,91.0,1,78
S0352,7.2,56.0,84.0,67.0,7.06,6.44,14.0,47,72
S0353,6.0,84.0,85.0,78.0,6.7,5.92,8.0,58,77
S0354,4.2,87.0,55.0,73.0,4.99,8.41,50.0,45,69
S0355,4.5,71.0,93.0,63.0,7.49,4.15,0.0,5,69
S0356,2.7,47.0,79.0,70.0,7.86,7.74,30.0,57,63
S0357,4.5,71.0,69.0,73.0,7.27,1.42,78.0,13,73
S0358,4.0,83.0,77.0,40.0,6.61,3.24,4.0,54,59
S0359,5.1,60.0,48.0,79.0,7.71,0.98,0.0,5,62
S0360,3.0,80.0,81.0,57.0,7.82,4.81,5.0,60,63
S0361,5.4,78.0,60.0,55.0,7.37,5.38,53.0,32,66
S0362,7.3,85.0,55.0,47.0,6.01,5.79,57.0,51,68
S0363,4.3,79.0,52.0,45.0,7.33,5.65,25.0,21,56
S0364,5.2,66.0,92.0,52.0,8.43,3.18,49.0,24,71
S0365,5.7,92.0,66.0,61.0,6.28,5.02,63.0,60,73
S0366,3.8,76.0,98.0,100.0,9.52,1.76,71.0,18,87
S0367,4.9,78.0,67.0,64.0,6.37,8.91,30.0,21,67
S0368,4.5,67.0,49.0,75.0,7.04,4.74,0.0,54,61
S0369,4.7,73.0,58.0,78.0,6.19,4.28,19.0,10,67
S0370,3.1,67.0,94.0,74.0,7.27,9.47,26.0,24,71
S0371,4.5,76.0,73.0,71.0,4.91,2.39,30.0,40,70
S0372,5.4,99.0,67.0,54.0,6.34,2.69,31.0,47,69
S0373,7.1,62.0,77.0,94.0,5.69,2.76,57.0,21,83
S0374,6.2,59.0,83.0,99.0,7.16,5.33,60.0,25,85
S0375,8.4,96.0,92.0,47.0,8.19,6.58,32.0,52,78
S0376,3.1,75.0,97.0,57.0,7.78,7.35,57.0,60,71
S0377,6.1,70.0,70.0,68.0,4.15,11.93,42.0,57,72
S0378,4.8,90.0,55.0,58.0,9.45,0.5,36.0,59,65
S0379,8.4,71.0,69.0,80.0,7.35,7.02,53.0,23,81
S0380,3.0,100.0,79.0,61.0,6.07,4.11,36.0,22,69
S0381,3.0,86.0,61.0,100.0,7.19,4.03,76.0,4,79
S0382,3.4,72.0,61.0,90.0,7.21,3.95,6.0,34,67
S0383,0.7,100.0,80.0,75.0,6.2,3.23,25.0,56,68
S0384,3.6,71.0,74.0,87.0,7.24,9.71,32.0,6,72
S0385,3.1,87.0,75.0,89.0,6.27,7.61,44.0,28,76
S0386,4.8,82.0,64.0,64.0,6.51,5.56,60.0,31,70
S0387,5.1,94.0,72.0,60.0,6.18,8.88,35.0,35,71
S0388,7.9,97.0,61.0,73.0,5.28,1.72,7.0,39,75
S0389,6.2,78.0,88.0,85.0,7.18,2.17,52.0,42,84
S0390,3.5,69.0,91.0,74.0,7.7,0.5,50.0,23,74
S0391,2.9,84.0,47.0,48.0,7.62,3.75,0.0,6,51
S0392,5.4,70.0,61.0,60.0,7.98,5.9,35.0,16,65
S0393,2.1,100.0,53.0,71.0,7.39,5.76,3.0,2,61
S0394,7.8,80.0,65.0,71.0,6.36,5.87,22.0,24,74
S0395,6.6,74.0,74.0,100.0,8.01,1.97,17.0,17,81
S0396,3.7,80.0,53.0,51.0,5.37,7.51,51.0,45,60
S0397,1.4,62.0,61.0,80.0,5.92,6.1,37.0,1,62
S0398,6.9,66.0,60.0,94.0,5.84,7.33,9.0,6,75
S0399,4.3,92.0,78.0,100.0,8.3,0.77,53.0,5,84
S0400,6.7,70.0,76.0,66.0,8.13,6.28,6.0,57,70
S0401,1.6,65.0,64.0,79.0,7.58,2.53,42.0,45,64
S0402,3.4,84.0,78.0,81.0,8.29,4.51,19.0,60,72
S0403,4.5,92.0,67.0,75.0,5.94,6.84,28.0,55,72
S0404,4.6,87.0,71.0,71.0,7.42,5.73,45.0,50,73
S0405,3.7,90.0,100.0,79.0,6.85,3.37,45.0,29,81
S0406,5.6,69.0,95.0,34.0,8.02,5.52,62.0,12,69
S0407,2.6,61.0,56.0,82.0,6.86,1.67,33.0,39,63
S0408,4.2,96.0,87.0,74.0,6.54,8.38,41.0,47,78
S0409,4.7,74.0,87.0,69.0,7.65,4.99,26.0,3,72
S0410,5.4,75.0,58.0,100.0,8.05,8.3,39.0,48,77
S0411,5.8,94.0,87.0,62.0,6.2,4.18,44.0,1,77
S0412,2.5,85.0,98.0,66.0,6.93,4.19,33.0,27,72
S0413,1.7,83.0,58.0,100.0,5.73,3.59,0.0,48,67
S0414,6.8,100.0,61.0,60.0,4.0,7.69,42.0,24,73
S0415,5.1,70.0,90.0,64.0,7.24,3.73,42.0,44,73
S0416,3.2,89.0,79.0,70.0,7.73,7.11,21.0,19,69
S0417,7.3,79.0,83.0,85.0,7.31,4.54,9.0,59,80
S0418,4.7,81.0,80.0,75.0,4.66,0.56,65.0,8,77
S0419,6.6,96.0,81.0,53.0,6.58,4.07,45.0,55,75
S0420,4.6,84.0,55.0,64.0,4.34,2.55,30.0,44,65
S0421,8.2,84.0,91.0,63.0,8.64,5.58,12.0,47,79
S0422,7.7,91.0,93.0,71.0,5.7,2.52,19.0,2,82
S0423,4.1,74.0,72.0,78.0,8.51,7.81,61.0,30,74
S0424,6.2,68.0,74.0,78.0,8.14,5.27,38.0,30,75
S0425,5.7,65.0,52.0,45.0,5.92,5.06,24.0,49,57
S0426,7.0,54.0,83.0,88.0,5.64,7.14,45.0,39,81
S0427,2.8,100.0,84.0,76.0,7.42,7.91,19.0,45,73
S0428,5.7,65.0,74.0,93.0,5.99,5.45,65.0,32,81
S0429,6.4,75.0,92.0,79.0,7.12,3.57,62.0,1,84
S0430,1.3,75.0,70.0,89.0,6.42,1.07,26.0,38,67
S0431,2.4,82.0,83.0,79.0,4.86,3.78,22.0,13,71
S0432,0.8,88.0,60.0,92.0,4.32,3.96,0.0,11,64
S0433,4.0,88.0,75.0,80.0,7.27,5.77,5.0,10,71
S0434,5.8,71.0,72.0,71.0,6.33,4.64,8.0,48,69
S0435,7.2,76.0,78.0,100.0,6.34,7.22,38.0,59,86
S0436,4.6,81.0,69.0,85.0,7.84,3.97,28.0,26,74
S0437,7.4,75.0,73.0,81.0,8.41,5.36,8.0,56,76
S0438,2.0,97.0,87.0,53.0,6.67,8.46,29.0,55,66
S0439,1.4,84.0,68.0,53.0,6.59,6.35,45.0,20,60
S0440,4.4,87.0,51.0,76.0,7.6,5.35,46.0,17,69
S0441,5.2,86.0,100.0,74.0,5.37,4.0,0.0,17,77
S0442,4.4,92.0,96.0,63.0,7.27,3.92,32.0,4,76
S0443,0.8,80.0,56.0,74.0,7.66,3.37,7.0,5,57
S0444,4.3,62.0,85.0,96.0,7.82,4.15,53.0,60,80
S0445,2.2,83.0,67.0,82.0,4.68,7.39,51.0,23,70
S0446,5.7,70.0,79.0,55.0,6.09,4.95,17.0,46,67
S0447,5.2,72.0,79.0,70.0,5.95,2.13,20.0,52,71
S0448,2.8,85.0,71.0,60.0,7.12,9.92,26.0,10,64
S0449,3.6,93.0,63.0,66.0,7.58,6.3,0.0,46,64
S0450,2.6,78.0,65.0,66.0,8.8,1.98,42.0,28,64
S0451,4.4,82.0,61.0,65.0,6.41,4.4,30.0,33,66
S0452,6.2,98.0,63.0,53.0,6.4,5.78,54.0,43,71
S0453,2.7,81.0,74.0,70.0,8.38,9.76,13.0,26,65
S0454,5.4,100.0,64.0,64.0,7.36,2.73,23.0,55,70
S0455,3.5,85.0,85.0,28.0,8.52,7.94,5.0,50,57
S0456,3.1,57.0,97.0,100.0,7.35,9.0,15.0,48,77
S0457,4.3,87.0,66.0,88.0,5.61,3.93,11.0,29,72
S0458,2.6,83.0,79.0,66.0,5.4,4.81,55.0,27,70
S0459,3.5,93.0,82.0,72.0,5.14,2.91,21.0,18,72
S0460,2.3,86.0,82.0,54.0,7.79,4.99,37.0,40,65
S0461,8.0,76.0,76.0,97.0,8.43,5.41,27.0,60,85
S0462,4.6,63.0,86.0,100.0,9.22,7.15,10.0,10,78
S0463,3.2,75.0,82.0,74.0,8.01,8.23,32.0,58,70
S0464,4.9,68.0,56.0,87.0,8.4,3.63,47.0,42,72
S0465,4.3,71.0,88.0,75.0,6.3,0.58,11.0,5,72
S0466,4.1,85.0,88.0,52.0,5.61,5.45,51.0,10,70
S0467,5.6,98.0,64.0,66.0,8.02,6.23,18.0,50,70
S0468,5.9,83.0,76.0,74.0,7.5,6.12,25.0,21,75
S0469,3.5,64.0,85.0,65.0,7.13,4.68,46.0,24,69
S0470,3.5,83.0,72.0,69.0,7.46,5.81,22.0,38,67
S0471,4.0,92.0,91.0,71.0,7.39,9.29,36.0,3,76
S0472,0.5,71.0,100.0,71.0,8.54,6.45,29.0,40,68
S0473,1.8,76.0,63.0,73.0,8.55,4.57,38.0,31,63
S0474,7.0,78.0,54.0,56.0,7.65,4.25,0.0,41,63
S0475,7.5,69.0,80.0,61.0,8.01,5.08,0.0,37,70
S0476,4.1,86.0,86.0,53.0,7.62,9.59,47.0,2,70
S0477,5.5,77.0,72.0,87.0,6.45,5.04,56.0,2,79
S0478,5.1,83.0,97.0,40.0,7.91,5.45,17.0,39,67
S0479,10.0,67.0,55.0,89.0,5.33,4.29,30.0,49,80
S0480,6.5,73.0,85.0,93.0,8.26,8.25,41.0,42,84
S0481,4.3,87.0,66.0,67.0,5.57,10.4,49.0,44,70
S0482,2.8,74.0,100.0,33.0,7.34,6.63,0.0,34,58
S0483,1.6,99.0,100.0,67.0,5.99,5.71,17.0,42,72
S0484,4.9,73.0,64.0,71.0,7.66,5.59,28.0,20,68
S0485,3.1,81.0,67.0,57.0,6.96,0.5,49.0,33,64
S0486,1.9,89.0,88.0,64.0,5.09,7.36,85.0,4,74
S0487,3.3,61.0,69.0,95.0,7.5,5.84,30.0,45,71
S0488,2.6,57.0,74.0,82.0,6.31,6.57,7.0,44,64
S0489,7.5,60.0,75.0,58.0,8.06,3.72,43.0,11,71
S0490,6.1,93.0,46.0,48.0,7.0,4.54,61.0,42,65
S0491,4.5,71.0,75.0,67.0,7.47,4.47,37.0,47,69
S0492,7.2,100.0,65.0,69.0,5.85,8.05,17.0,5,75
S0493,4.6,71.0,68.0,79.0,6.29,4.55,54.0,25,73
S0494,2.9,80.0,97.0,64.0,6.45,10.71,48.0,49,73
S0495,7.2,97.0,56.0,80.0,8.03,6.58,14.0,60,75
S0496,5.5,100.0,87.0,100.0,9.01,2.31,43.0,37,89
S0497,2.6,100.0,71.0,84.0,6.03,5.18,55.0,34,75
S0498,4.2,93.0,71.0,71.0,8.29,3.87,59.0,9,74
S0499,2.9,90.0,87.0,69.0,4.4,0.5,34.0,6,72
S0500,2.0,85.0,80.0,67.0,5.57,9.5,28.0,18,66
S0501,6.2,87.0,84.0,90.0,5.85,7.26,60.0,14,86
S0502,7.9,71.0,90.0,63.0,5.38,6.83,11.0,19,76
S0503,2.0,68.0,70.0,73.0,5.1,5.91,44.0,14,65
S0504,5.5,78.0,66.0,73.0,7.5,2.04,8.0,40,69
S0505,3.3,76.0,59.0,64.0,6.74,4.29,56.0,17,64
S0506,3.6,73.0,63.0,51.0,7.46,7.6,30.0,60,59
S0507,3.4,86.0,100.0,77.0,7.83,2.87,60.0,35,81
S0508,2.9,89.0,94.0,71.0,7.32,0.5,45.0,29,75
S0509,4.6,79.0,55.0,80.0,7.79,4.93,11.0,42,67
S0510,3.0,96.0,55.0,64.0,6.92,5.15,63.0,17,66
S0511,5.0,64.0,82.0,90.0,5.58,5.84,66.0,59,81
S0512,4.4,76.0,83.0,59.0,8.27,7.32,53.0,43,71
S0513,4.1,69.0,83.0,98.0,6.29,7.09,20.0,8,78
S0514,2.9,56.0,71.0,46.0,5.88,6.15,29.0,1,55
S0515,3.5,77.0,73.0,79.0,6.79,8.49,38.0,45,71
S0516,5.9,77.0,80.0,79.0,5.9,1.7,21.0,53,76
S0517,5.4,96.0,76.0,60.0,6.5,6.76,69.0,36,76
S0518,2.7,86.0,42.0,78.0,7.41,7.07,38.0,7,63
S0519,4.7,66.0,72.0,91.0,7.42,2.4,0.0,46,71
S0520,5.9,100.0,62.0,39.0,5.92,1.74,42.0,5,65
S0521,1.5,93.0,78.0,80.0,6.41,3.64,28.0,24,70
S0522,5.5,85.0,100.0,35.0,8.29,3.85,34.0,28,69
S0523,3.3,75.0,81.0,58.0,7.6,7.38,28.0,43,65
S0524,5.5,66.0,70.0,96.0,9.49,3.96,51.0,17,79
S0525,3.1,74.0,89.0,63.0,8.42,3.36,57.0,37,71
S0526,1.3,91.0,82.0,54.0,8.37,3.97,41.0,20,64
S0527,1.6,100.0,81.0,69.0,5.33,8.3,28.0,3,69
S0528,4.6,97.0,84.0,100.0,7.92,5.53,34.0,37,85
S0529,5.0,72.0,100.0,45.0,6.94,5.05,35.0,26,70
S0530,2.9,65.0,58.0,56.0,6.34,5.22,19.0,15,56
S0531,5.6,80.0,82.0,94.0,7.2,8.73,47.0,51,83
S0532,1.5,57.0,61.0,100.0,8.13,3.63,44.0,48,68
S0533,4.4,82.0,83.0,70.0,7.6,8.79,66.0,8,76
S0534,2.3,76.0,61.0,53.0,5.95,6.03,60.0,13,60
S0535,3.3,72.0,69.0,100.0,7.89,5.1,21.0,48,74
S0536,4.6,59.0,71.0,96.0,6.23,11.75,51.0,3,77
S0537,3.0,84.0,90.0,82.0,7.26,2.86,16.0,1,74
S0538,3.8,72.0,89.0,60.0,6.64,4.62,49.0,9,70
S0539,6.3,64.0,56.0,71.0,6.74,2.42,25.0,31,67
S0540,3.5,44.0,76.0,70.0,7.92,7.88,15.0,41,62
S0541,6.0,78.0,64.0,77.0,5.75,9.72,41.0,54,74
S0542,2.5,99.0,56.0,94.0,9.33,9.67,0.0,26,69
S0543,5.5,98.0,72.0,85.0,4.81,8.56,0.0,17,76
S0544,7.1,73.0,70.0,56.0,6.28,5.01,31.0,56,69
S0545,0.5,71.0,100.0,93.0,7.44,4.59,37.0,34,75
S0546,3.1,84.0,81.0,77.0,7.7,1.32,28.0,9,72
S0547,5.5,66.0,54.0,82.0,6.88,10.59,3.0,56,66
S0548,4.1,82.0,67.0,94.0,6.93,6.67,19.0,51,74
S0549,5.2,87.0,90.0,55.0,7.49,4.27,43.0,13,74
S0550,3.4,93.0,100.0,71.0,6.72,8.82,47.0,5,79
S0551,4.7,77.0,51.0,64.0,8.67,3.07,35.0,41,63
S0552,4.2,76.0,47.0,48.0,8.01,6.52,58.0,13,59
S0553,6.6,67.0,100.0,77.0,8.05,5.07,43.0,1,82
S0554,5.0,68.0,81.0,100.0,5.84,7.1,20.0,25,79
S0555,5.1,75.0,62.0,44.0,6.9,5.34,29.0,47,60
S0556,3.8,82.0,83.0,72.0,6.64,1.87,7.0,4,70
S0557,3.6,89.0,35.0,82.0,5.79,5.69,33.0,36,64
S0558,3.7,68.0,75.0,74.0,7.43,8.12,57.0,52,71
S0559,5.2,96.0,80.0,70.0,6.35,5.43,49.0,10,78
S0560,3.7,75.0,89.0,53.0,7.79,7.44,63.0,28,70
S0561,5.0,78.0,60.0,75.0,5.72,2.89,29.0,57,69
S0562,8.2,69.0,76.0,61.0,9.06,5.43,62.0,6,77
S0563,6.1,49.0,61.0,39.0,5.92,3.94,31.0,27,56
S0564,3.9,89.0,79.0,90.0,7.26,7.37,64.0,56,81
S0565,6.7,87.0,62.0,86.0,7.95,5.58,35.0,12,78
S0566,3.8,75.0,69.0,73.0,6.32,7.23,49.0,52,70
S0567,0.8,79.0,60.0,75.0,8.02,8.22,65.0,48,64
S0568,2.7,84.0,85.0,88.0,5.52,7.23,31.0,3,76
S0569,1.1,59.0,88.0,75.0,8.74,6.18,39.0,46,66
S0570,3.9,72.0,71.0,86.0,7.02,3.0,61.0,33,75
S0571,4.5,88.0,76.0,68.0,6.28,5.49,32.0,10,72
S0572,7.5,63.0,53.0,92.0,6.64,4.17,9.0,31,73
S0573,5.1,82.0,71.0,77.0,7.97,4.64,78.0,15,78
S0574,4.1,62.0,74.0,75.0,6.3,4.56,26.0,7,68
S0575,6.0,84.0,100.0,53.0,6.1,3.05,38.0,36,76
S0576,0.5,78.0,58.0,76.0,6.73,0.61,58.0,14,63
S0577,4.9,59.0,97.0,60.0,5.59,3.83,23.0,56,70
S0578,5.9,92.0,90.0,62.0,9.18,5.98,15.0,48,75
S0579,1.8,69.0,79.0,60.0,6.32,2.13,40.0,14,63
S0580,6.6,68.0,100.0,56.0,8.0,5.54,0.0,3,72
S0581,5.1,80.0,81.0,100.0,7.25,10.25,29.0,49,82
S0582,3.8,92.0,81.0,92.0,5.82,8.06,40.0,53,80
S0583,5.6,66.0,74.0,100.0,6.99,9.61,30.0,46,79
S0584,8.6,79.0,93.0,54.0,7.94,6.48,4.0,50,76
S0585,4.8,83.0,91.0,73.0,6.77,8.42,67.0,3,80
S0586,4.9,86.0,66.0,53.0,8.43,3.69,37.0,22,66
S0587,3.7,80.0,55.0,62.0,8.23,3.89,64.0,19,65
S0588,3.0,74.0,72.0,58.0,8.1,0.5,30.0,35,62
S0589,6.0,68.0,63.0,91.0,6.45,8.47,17.0,12,74
S0590,3.0,79.0,74.0,66.0,5.7,9.35,40.0,54,67
S0591,4.6,65.0,94.0,88.0,6.26,4.12,31.0,5,79
S0592,3.6,43.0,68.0,81.0,7.24,4.87,11.0,10,63
S0593,5.4,83.0,74.0,100.0,7.65,3.62,64.0,41,85
S0594,5.1,89.0,76.0,50.0,4.39,6.46,23.0,33,67
S0595,6.4,50.0,88.0,91.0,6.99,8.31,0.0,13,76
S0596,3.6,66.0,41.0,89.0,7.19,1.14,62.0,35,67
S0597,4.0,85.0,66.0,57.0,6.67,6.52,25.0,51,64
S0598,2.7,100.0,78.0,87.0,8.55,4.81,23.0,32,75
S0599,3.7,78.0,93.0,77.0,7.51,5.78,0.0,11,72
S0600,5.2,69.0,68.0,69.0,8.57,6.65,70.0,48,72
S0601,5.9,76.0,47.0,60.0,6.74,5.03,9.0,38,61
S0602,2.8,94.0,84.0,61.0,8.12,5.24,36.0,24,69
S0603,6.1,70.0,65.0,100.0,8.96,4.97,53.0,35,81
S0604,6.9,68.0,57.0,72.0,8.57,7.93,43.0,19,71
S0605,5.2,72.0,66.0,84.0,5.69,6.55,34.0,6,73
S0606,7.9,67.0,72.0,60.0,6.7,6.05,1.0,40,69
S0607,3.1,79.0,66.0,60.0,6.59,2.32,19.0,54,61
S0608,2.3,97.0,42.0,88.0,7.59,4.55,39.0,45,67
S0609,1.3,82.0,88.0,52.0,7.82,7.75,19.0,44,61
S0610,7.2,75.0,94.0,66.0,5.99,5.59,39.0,42,80
S0611,5.7,74.0,85.0,73.0,7.08,7.15,49.0,35,77
S0612,4.4,59.0,58.0,74.0,4.58,9.92,54.0,4,67
S0613,5.0,89.0,72.0,69.0,8.73,8.1,10.0,33,70
S0614,2.5,77.0,75.0,78.0,6.39,5.73,79.0,13,73
S0615,8.9,76.0,84.0,82.0,7.07,4.22,50.0,56,87
S0616,4.7,100.0,85.0,83.0,6.63,0.5,35.0,36,81
S0617,4.7,82.0,64.0,57.0,8.38,5.08,57.0,54,67
S0618,5.8,69.0,76.0,68.0,3.59,4.68,82.0,43,76
S0619,5.4,73.0,82.0,90.0,6.98,6.48,6.0,19,77
S0620,4.9,92.0,97.0,85.0,6.87,5.12,30.0,43,83
S0621,3.1,79.0,86.0,51.0,6.46,4.7,0.0,12,62
S0622,5.3,61.0,87.0,77.0,9.07,1.05,39.0,11,75
S0623,7.9,89.0,76.0,42.0,5.94,3.15,42.0,6,72
S0624,6.9,70.0,96.0,73.0,7.93,6.69,34.0,12,80
S0625,7.4,100.0,81.0,100.0,7.43,9.79,22.0,27,89
S0626,3.6,91.0,62.0,58.0,8.51,5.26,0.0,41,61
S0627,2.7,73.0,96.0,59.0,6.2,6.32,42.0,25,69
S0628,4.3,93.0,85.0,83.0,6.12,7.88,64.0,42,82
S0629,4.6,79.0,68.0,49.0,8.32,3.47,23.0,3,62
S0630,6.5,88.0,68.0,63.0,7.51,6.42,44.0,3,73
S0631,1.5,84.0,79.0,81.0,5.15,3.65,4.0,20,67
S0632,7.3,68.0,82.0,62.0,6.35,7.66,44.0,28,75
S0633,4.2,70.0,78.0,68.0,7.46,5.88,27.0,23,68
S0634,3.7,90.0,80.0,83.0,8.01,6.25,20.0,48,75
S0635,2.7,74.0,100.0,78.0,6.18,3.54,20.0,3,74
S0636,1.5,73.0,91.0,76.0,3.5,7.27,27.0,42,69
S0637,6.0,67.0,78.0,67.0,7.63,10.71,43.0,24,73
S0638,4.6,83.0,89.0,78.0,5.54,2.98,9.0,43,75
S0639,2.2,100.0,60.0,70.0,4.58,4.65,27.0,40,65
S0640,2.2,65.0,81.0,79.0,3.6,6.08,34.0,6,68
S0641,3.9,78.0,100.0,65.0,7.98,7.47,13.0,20,72
S0642,7.5,95.0,72.0,69.0,7.15,4.1,71.0,11,82
S0643,4.0,77.0,62.0,57.0,6.73,0.5,18.0,32,61
S0644,1.8,83.0,65.0,71.0,8.67,8.9,22.0,60,63
S0645,4.1,65.0,59.0,60.0,7.76,7.4,15.0,27,59
S0646,4.0,83.0,63.0,55.0,8.94,1.14,71.0,21,67
S0647,0.5,76.0,69.0,76.0,5.33,3.98,46.0,44,64
S0648,4.4,90.0,54.0,75.0,6.96,9.42,16.0,48,67
S0649,4.1,92.0,75.0,84.0,5.06,9.12,57.0,50,78
S0650,5.8,100.0,89.0,66.0,6.72,7.85,39.0,13,79
S0651,7.8,85.0,61.0,78.0,6.7,5.06,40.0,22,78
S0652,6.5,82.0,98.0,80.0,7.75,5.71,28.0,35,83
S0653,4.0,80.0,83.0,79.0,7.05,5.17,20.0,47,73
S0654,2.5,74.0,90.0,60.0,7.75,8.32,42.0,22,68
S0655,9.1,82.0,65.0,74.0,7.84,3.31,24.0,28,78
S0656,4.6,74.0,88.0,77.0,9.59,3.49,71.0,21,79
S0657,4.5,80.0,59.0,72.0,6.62,8.03,10.0,46,65
S0658,4.5,94.0,88.0,41.0,5.87,5.39,66.0,18,71
S0659,4.9,66.0,78.0,74.0,7.3,8.95,33.0,31,72
S0660,4.2,92.0,83.0,100.0,6.04,3.82,41.0,60,84
S0661,3.5,94.0,57.0,67.0,8.78,5.36,52.0,46,67
S0662,3.5,77.0,62.0,61.0,6.66,3.19,22.0,37,61
S0663,4.4,53.0,84.0,78.0,6.32,5.52,52.0,21,73
S0664,3.5,71.0,61.0,77.0,6.43,1.8,0.0,14,63
S0665,3.2,94.0,82.0,90.0,7.86,4.28,21.0,25,77
S0666,4.7,78.0,54.0,53.0,6.81,1.91,17.0,27,59
S0667,4.0,66.0,88.0,83.0,6.23,7.23,10.0,40,73
S0668,7.2,72.0,57.0,81.0,9.0,7.29,31.0,60,74
S0669,0.5,88.0,83.0,70.0,5.97,1.17,43.0,60,67
S0670,6.5,85.0,84.0,77.0,7.04,8.83,49.0,23,82
S0671,6.7,75.0,65.0,87.0,7.78,11.74,40.0,31,78
S0672,0.8,74.0,84.0,85.0,5.04,5.62,22.0,47,68
S0673,3.9,73.0,79.0,55.0,7.58,3.9,42.0,60,66
S0674,3.8,67.0,67.0,84.0,5.73,12.0,37.0,29,70
S0675,2.0,97.0,60.0,71.0,7.99,2.2,54.0,47,67
S0676,3.1,74.0,46.0,73.0,5.84,5.55,51.0,30,63
S0677,2.5,93.0,80.0,73.0,7.83,5.95,36.0,51,71
S0678,7.7,96.0,52.0,70.0,8.33,8.86,17.0,26,72
S0679,6.2,90.0,76.0,90.0,8.03,6.4,22.0,20,81
S0680,6.8,73.0,71.0,71.0,7.3,4.25,24.0,38,73
S0681,5.8,83.0,85.0,55.0,6.72,3.12,29.0,19,72
S0682,2.5,78.0,70.0,66.0,6.31,4.65,40.0,27,65
S0683,3.6,67.0,70.0,75.0,8.77,2.98,49.0,25,69
S0684,5.4,82.0,86.0,90.0,6.16,5.62,34.0,40,82
S0685,2.3,64.0,80.0,81.0,5.76,4.09,35.0,38,69
S0686,5.8,92.0,80.0,59.0,7.8,1.76,38.0,52,74
S0687,4.1,72.0,82.0,100.0,6.04,8.64,25.0,23,79
S0688,3.8,80.0,52.0,76.0,5.86,4.26,16.0,29,64
S0689,5.8,81.0,86.0,91.0,5.27,2.33,0.0,15,79
S0690,5.3,75.0,84.0,70.0,6.42,5.08,21.0,59,73
S0691,3.9,85.0,60.0,80.0,6.9,5.67,44.0,3,71
S0692,6.6,72.0,71.0,85.0,7.29,1.13,21.0,10,76
S0693,2.6,88.0,74.0,90.0,8.14,6.33,30.0,15,74
S0694,5.6,62.0,73.0,88.0,7.63,2.88,44.0,56,76
S0695,5.6,80.0,80.0,85.0,6.77,9.78,45.0,16,80
S0696,3.9,100.0,96.0,67.0,6.76,6.81,13.0,17,75
S0697,5.1,66.0,91.0,63.0,7.61,4.5,55.0,19,74
S0698,2.2,70.0,55.0,77.0,8.53,3.64,58.0,11,64
S0699,6.2,84.0,84.0,86.0,7.15,5.24,12.0,48,80
S0700,4.2,80.0,95.0,69.0,6.44,7.03,19.0,5,74
S0701,3.6,82.0,81.0,88.0,5.81,5.44,59.0,5,79
S0702,6.4,84.0,91.0,94.0,5.27,4.96,32.0,58,86
S0703,3.2,86.0,100.0,58.0,7.8,5.65,0.0,14,69
S0704,2.0,91.0,90.0,59.0,7.69,3.99,7.0,50,65
S0705,1.7,83.0,79.0,70.0,7.69,4.64,30.0,26,66
S0706,5.6,75.0,91.0,77.0,6.85,0.5,12.0,8,76
S0707,2.2,86.0,77.0,64.0,8.69,7.93,27.0,5,65
S0708,7.7,100.0,75.0,92.0,6.42,6.25,36.0,7,87
S0709,0.8,76.0,70.0,78.0,8.15,3.57,64.0,16,67
S0710,7.6,66.0,98.0,73.0,6.95,10.25,29.0,55,81
S0711,4.9,91.0,63.0,50.0,6.27,5.72,56.0,14,67
S0712,4.3,77.0,98.0,52.0,7.71,2.91,64.0,37,73
S0713,3.5,52.0,82.0,76.0,7.49,7.64,64.0,56,71
S0714,5.2,88.0,54.0,40.0,7.43,6.5,41.0,41,60
S0715,4.4,72.0,81.0,87.0,7.1,6.49,0.0,4,73
S0716,6.5,77.0,43.0,70.0,6.95,4.44,44.0,36,68
S0717,4.7,82.0,84.0,100.0,9.87,6.63,56.0,48,85
S0718,4.8,80.0,88.0,100.0,8.42,4.85,33.0,56,84
S0719,3.8,87.0,66.0,69.0,7.87,6.89,70.0,17,72
S0720,4.4,73.0,77.0,70.0,7.13,0.74,52.0,47,72
S0721,5.1,84.0,100.0,87.0,8.21,4.42,46.0,36,85
S0722,1.4,75.0,67.0,98.0,7.62,9.81,57.0,6,73
S0723,2.1,87.0,59.0,47.0,7.03,3.58,42.0,16,57
S0724,5.8,85.0,97.0,45.0,6.64,3.99,0.0,29,69
S0725,4.8,67.0,100.0,63.0,6.9,4.38,25.0,36,73
S0726,4.2,91.0,75.0,81.0,3.2,2.46,59.0,38,78
S0727,4.5,72.0,90.0,79.0,7.25,0.5,19.0,37,75
S0728,5.1,88.0,95.0,88.0,6.41,4.92,31.0,48,83
S0729,3.5,82.0,64.0,54.0,8.91,5.84,14.0,57,60
S0730,3.1,100.0,68.0,37.0,7.02,5.37,71.0,48,63
S0731,4.9,75.0,93.0,85.0,5.57,5.14,69.0,10,84
S0732,2.7,74.0,100.0,60.0,6.94,5.61,17.0,41,68
S0733,5.2,78.0,83.0,42.0,5.74,8.06,38.0,36,66
S0734,1.4,74.0,62.0,74.0,7.57,5.02,21.0,29,61
S0735,6.4,88.0,100.0,84.0,7.35,4.06,47.0,14,88
S0736,5.4,59.0,67.0,70.0,8.15,4.8,45.0,4,69
S0737,5.0,65.0,70.0,65.0,6.05,6.95,51.0,44,69
S0738,6.3,65.0,80.0,70.0,7.04,9.03,42.0,56,74
S0739,7.5,89.0,98.0,66.0,5.36,3.93,94.0,42,89
S0740,6.3,99.0,88.0,52.0,7.84,5.75,14.0,36,73
S0741,1.2,77.0,81.0,61.0,7.62,6.35,1.0,50,59
S0742,2.2,76.0,82.0,80.0,7.59,3.02,27.0,45,70
S0743,3.4,79.0,76.0,77.0,7.0,5.55,4.0,13,68
S0744,4.5,92.0,83.0,75.0,7.5,1.84,5.0,46,73
S0745,5.4,67.0,37.0,57.0,8.93,1.08,15.0,18,56
S0746,3.2,81.0,71.0,69.0,6.66,6.42,17.0,33,66
S0747,4.8,90.0,79.0,39.0,7.17,4.54,16.0,21,63
S0748,3.1,84.0,58.0,75.0,5.7,6.01,45.0,16,67
S0749,3.4,80.0,81.0,93.0,5.96,5.46,25.0,15,76
S0750,2.0,90.0,72.0,50.0,7.12,3.06,31.0,54,60
S0751,2.8,46.0,100.0,63.0,8.32,5.39,53.0,57,69
S0752,2.1,86.0,99.0,77.0,6.69,2.42,20.0,5,74
S0753,2.7,70.0,68.0,91.0,6.72,8.98,30.0,6,70
S0754,6.4,56.0,73.0,65.0,6.51,2.11,42.0,38,70
S0755,2.8,84.0,74.0,62.0,6.36,5.01,0.0,3,62
S0756,9.2,94.0,68.0,42.0,7.35,2.89,0.0,48,69
S0757,5.4,76.0,78.0,74.0,5.2,6.93,42.0,12,75
S0758,4.8,89.0,64.0,100.0,8.54,4.67,45.0,36,80
S0759,3.0,97.0,58.0,76.0,6.2,4.2,76.0,33,72
S0760,5.8,94.0,84.0,72.0,7.87,7.63,38.0,36,79
S0761,3.5,98.0,84.0,77.0,5.48,5.57,51.0,33,78
S0762,4.7,87.0,63.0,72.0,7.8,6.79,31.0,31,70
S0763,9.1,79.0,88.0,60.0,7.81,3.05,41.0,21,81
S0764,4.3,59.0,66.0,84.0,7.46,1.99,68.0,27,73
S0765,6.6,75.0,79.0,75.0,5.81,5.77,0.0,27,74
S0766,3.2,68.0,87.0,72.0,7.3,4.7,43.0,8,71
S0767,4.4,100.0,74.0,57.0,5.58,7.07,78.0,56,74
S0768,7.7,76.0,82.0,92.0,6.7,5.3,41.0,37,86
S0769,3.4,79.0,67.0,82.0,8.24,6.01,68.0,32,74
S0770,7.8,85.0,72.0,64.0,7.96,1.44,22.0,26,75
S0771,5.8,79.0,72.0,87.0,7.02,10.22,34.0,2,78
S0772,3.5,98.0,64.0,65.0,5.83,5.09,36.0,12,68
S0773,5.6,71.0,72.0,60.0,7.77,7.24,0.0,22,65
S0774,6.3,80.0,52.0,61.0,7.02,3.41,12.0,17,64
S0775,5.6,69.0,68.0,45.0,4.22,6.27,13.0,7,60
S0776,1.7,62.0,71.0,79.0,7.94,2.24,51.0,43,66
S0777,3.2,71.0,71.0,45.0,6.97,6.63,52.0,4,60
S0778,4.1,78.0,71.0,54.0,8.44,4.61,41.0,37,65
S0779,4.4,73.0,74.0,41.0,5.69,5.57,51.0,38,62
S0780,5.6,70.0,82.0,71.0,3.19,7.24,32.0,32,74
S0781,4.8,61.0,88.0,70.0,7.33,2.42,59.0,11,74
S0782,2.1,77.0,65.0,67.0,7.35,3.79,35.0,1,62
S0783,5.2,60.0,57.0,56.0,4.97,6.64,36.0,25,61
S0784,5.6,87.0,59.0,54.0,5.83,10.75,30.0,42,65
S0785,5.5,79.0,68.0,79.0,10.31,5.15,49.0,52,75
S0786,6.4,61.0,70.0,64.0,6.63,6.98,27.0,24,68
S0787,6.0,74.0,63.0,77.0,7.88,5.23,55.0,53,74
S0788,5.3,69.0,56.0,59.0,6.22,10.36,12.0,43,61
S0789,4.4,82.0,68.0,75.0,4.49,1.13,13.0,56,69
S0790,1.5,94.0,78.0,92.0,6.8,5.74,49.0,17,76
S0791,5.3,55.0,84.0,81.0,6.68,1.44,33.0,8,74
S0792,4.9,79.0,67.0,66.0,6.52,0.5,26.0,59,68
S0793,5.0,76.0,69.0,76.0,6.86,6.24,53.0,45,74
S0794,2.2,86.0,61.0,68.0,7.32,5.85,23.0,27,62
S0795,2.6,81.0,75.0,72.0,6.82,4.79,31.0,52,68
S0796,6.4,69.0,62.0,67.0,5.48,5.23,63.0,18,72
S0797,4.4,74.0,84.0,70.0,7.58,12.0,66.0,27,75
S0798,5.7,68.0,48.0,75.0,4.66,4.85,66.0,22,70
S0799,4.6,91.0,70.0,57.0,4.54,6.78,29.0,16,67
S0800,4.6,78.0,80.0,57.0,7.89,3.88,60.0,2,71
S0801,6.2,100.0,78.0,51.0,7.61,6.24,16.0,5,71
S0802,3.6,77.0,100.0,48.0,6.93,4.9,17.0,18,67
S0803,4.7,69.0,80.0,54.0,5.33,4.47,0.0,3,63
S0804,3.7,60.0,60.0,74.0,6.15,10.05,68.0,27,67
S0805,3.7,56.0,74.0,59.0,6.68,8.44,18.0,54,61
S0806,3.9,59.0,48.0,80.0,5.08,5.84,32.0,17,63
S0807,4.9,81.0,74.0,73.0,6.11,0.5,17.0,16,71
S0808,3.6,84.0,63.0,42.0,7.78,4.6,49.0,6,60
S0809,6.8,59.0,89.0,82.0,8.71,12.0,27.0,51,79
S0810,2.9,89.0,67.0,84.0,6.5,4.92,9.0,7,69
S0811,4.2,72.0,73.0,57.0,7.91,8.26,44.0,50,66
S0812,3.7,80.0,65.0,78.0,4.7,9.1,6.0,14,66
S0813,7.1,97.0,100.0,59.0,7.79,6.05,18.0,38,80
S0814,4.9,89.0,70.0,73.0,6.04,3.4,0.0,40,69
S0815,6.4,75.0,100.0,53.0,7.37,0.5,7.0,15,72
S0816,1.8,67.0,87.0,45.0,6.7,7.21,39.0,47,60
S0817,5.0,52.0,82.0,66.0,8.58,3.46,0.0,47,65
S0818,6.1,69.0,81.0,70.0,5.95,5.94,5.0,48,71
S0819,4.6,75.0,81.0,66.0,7.75,2.38,35.0,33,71
S0820,6.4,66.0,46.0,54.0,6.66,4.84,24.0,43,60
S0821,3.6,76.0,71.0,66.0,6.81,5.58,75.0,27,70
S0822,7.0,79.0,88.0,76.0,6.78,6.17,72.0,29,85
S0823,8.6,75.0,74.0,71.0,5.99,2.71,18.0,57,77
S0824,3.8,70.0,54.0,75.0,6.98,8.49,46.0,37,66
S0825,3.7,80.0,74.0,62.0,6.92,4.01,50.0,5,68
S0826,7.1,83.0,100.0,90.0,7.29,1.31,23.0,29,88
S0827,7.3,65.0,94.0,54.0,7.1,5.23,5.0,32,71
S0828,3.6,95.0,74.0,79.0,7.96,5.59,35.0,60,74
S0829,3.7,77.0,89.0,90.0,8.11,5.9,32.0,53,78
S0830,4.0,78.0,70.0,79.0,5.74,8.91,26.0,6,70
S0831,2.1,86.0,49.0,69.0,8.04,4.91,44.0,2,61
S0832,2.8,81.0,61.0,64.0,5.58,5.2,20.0,6,61
S0833,2.7,89.0,98.0,88.0,7.71,2.74,12.0,46,78
S0834,3.1,81.0,71.0,51.0,7.74,7.55,37.0,43,62
S0835,4.4,71.0,71.0,57.0,4.71,5.96,43.0,4,65
S0836,4.9,82.0,71.0,66.0,7.11,4.45,11.0,56,68
S0837,7.3,64.0,100.0,91.0,6.44,0.74,54.0,29,89
S0838,2.7,79.0,99.0,78.0,6.09,9.11,0.0,59,72
S0839,6.3,78.0,100.0,57.0,8.62,2.43,23.0,25,76
S0840,4.1,76.0,73.0,67.0,6.22,4.02,30.0,9,68
S0841,4.4,76.0,79.0,63.0,6.03,6.4,22.0,56,68
S0842,5.7,55.0,52.0,61.0,7.09,2.51,24.0,3,60
S0843,2.5,71.0,97.0,87.0,7.82,1.77,72.0,26,80
S0844,5.2,79.0,57.0,51.0,6.83,0.5,18.0,48,60
S0845,4.8,80.0,78.0,96.0,8.4,7.3,84.0,43,85
S0846,5.4,66.0,59.0,84.0,7.64,4.14,44.0,27,72
S0847,5.0,93.0,66.0,88.0,4.39,12.0,37.0,36,77
S0848,8.9,68.0,62.0,65.0,6.36,3.01,45.0,32,74
S0849,3.4,90.0,66.0,70.0,6.33,3.2,86.0,1,73
S0850,3.5,83.0,67.0,51.0,7.58,4.09,15.0,57,60
S0851,3.4,70.0,67.0,64.0,3.85,6.11,13.0,53,61
S0852,3.5,99.0,88.0,79.0,10.06,4.32,20.0,54,76
S0853,3.4,64.0,58.0,91.0,7.64,7.03,36.0,16,69
S0854,6.6,89.0,78.0,55.0,7.18,3.05,0.0,51,69
S0855,7.1,90.0,93.0,67.0,8.42,2.05,35.0,48,81
S0856,3.5,70.0,67.0,70.0,9.81,1.0,69.0,11,69
S0857,3.0,95.0,64.0,51.0,8.04,0.5,38.0,26,62
S0858,5.3,75.0,72.0,81.0,8.14,4.2,29.0,40,74
S0859,3.5,81.0,93.0,61.0,7.16,4.75,23.0,55,70
S0860,5.6,81.0,78.0,69.0,6.83,3.92,53.0,1,76
S0861,4.9,76.0,67.0,65.0,6.43,8.61,18.0,26,66
S0862,1.8,88.0,82.0,60.0,6.01,8.57,72.0,28,69
S0863,7.3,88.0,58.0,72.0,6.18,4.66,74.0,53,78
S0864,7.7,57.0,85.0,69.0,5.38,1.02,40.0,58,77
S0865,3.4,94.0,81.0,66.0,6.91,4.08,35.0,9,71
S0866,3.8,58.0,70.0,61.0,4.98,4.0,56.0,60,65
S0867,5.0,90.0,62.0,77.0,7.23,3.86,57.0,59,75
S0868,5.1,92.0,62.0,97.0,6.96,3.76,19.0,44,77
S0869,5.7,65.0,83.0,74.0,7.18,3.87,24.0,22,73
S0870,8.1,73.0,93.0,87.0,6.37,4.53,9.0,8,84
S0871,4.2,65.0,65.0,51.0,10.69,3.91,43.0,58,61
S0872,3.1,75.0,82.0,74.0,8.63,6.02,48.0,49,72
S0873,2.0,74.0,44.0,56.0,5.51,6.4,8.0,42,51
S0874,3.2,87.0,66.0,50.0,7.28,3.22,26.0,27,60
S0875,4.4,94.0,75.0,61.0,6.27,8.68,8.0,39,68
S0876,7.7,95.0,61.0,90.0,5.78,3.05,17.0,19,80
S0877,3.6,71.0,61.0,86.0,5.39,1.46,46.0,25,70
S0878,4.9,75.0,65.0,76.0,7.52,6.45,20.0,38,69
S0879,4.5,58.0,79.0,49.0,6.18,3.46,29.0,21,62
S0880,6.6,68.0,72.0,69.0,8.16,6.3,2.0,24,69
S0881,9.0,90.0,41.0,77.0,8.19,0.5,39.0,24,76
S0882,3.5,97.0,43.0,75.0,8.65,8.98,34.0,60,65
S0883,3.6,63.0,66.0,44.0,5.98,7.18,20.0,60,55
S0884,6.4,71.0,82.0,59.0,7.57,1.75,31.0,19,72
S0885,5.7,78.0,34.0,71.0,7.76,1.8,39.0,50,64
S0886,7.8,81.0,68.0,80.0,6.43,9.68,19.0,47,77
S0887,5.6,68.0,67.0,39.0,6.07,3.66,5.0,2,57
S0888,3.9,83.0,96.0,70.0,8.93,3.41,71.0,14,79
S0889,5.6,72.0,69.0,74.0,7.27,0.5,22.0,53,70
S0890,6.5,78.0,81.0,85.0,7.76,4.62,33.0,32,81
S0891,6.0,85.0,77.0,82.0,6.01,4.93,55.0,42,81
S0892,5.4,78.0,43.0,81.0,5.54,7.29,100.0,32,74
S0893,6.4,73.0,87.0,60.0,6.32,2.0,10.0,28,71
S0894,6.6,77.0,78.0,43.0,6.85,1.7,44.0,48,68
S0895,7.0,77.0,83.0,66.0,5.72,6.63,21.0,39,75
S0896,5.7,74.0,100.0,87.0,6.99,8.02,24.0,40,83
S0897,4.2,75.0,44.0,93.0,4.97,1.57,21.0,42,67
S0898,4.8,97.0,100.0,83.0,5.66,8.2,12.0,47,82
S0899,6.7,85.0,71.0,78.0,7.81,5.59,34.0,40,78
S0900,3.0,74.0,79.0,78.0,7.72,8.23,6.0,13,68
S0901,5.2,86.0,74.0,64.0,6.53,5.32,54.0,12,73
S0902,3.8,74.0,69.0,70.0,5.78,0.5,36.0,8,67
S0903,4.6,92.0,66.0,97.0,5.77,5.12,43.0,15,80
S0904,6.8,82.0,80.0,58.0,6.55,8.15,26.0,26,73
S0905,4.8,77.0,52.0,96.0,7.77,3.27,28.0,12,73
S0906,4.6,83.0,86.0,67.0,8.11,4.53,41.0,43,74
S0907,2.1,59.0,69.0,92.0,6.4,5.06,12.0,51,66
S0908,5.8,64.0,58.0,51.0,5.62,0.5,28.0,46,61
S0909,5.7,64.0,68.0,81.0,7.32,9.68,18.0,27,71
S0910,8.4,80.0,94.0,61.0,6.01,3.25,17.0,18,79
S0911,3.9,99.0,67.0,51.0,6.38,6.76,0.0,45,62
S0912,4.9,100.0,80.0,75.0,8.59,5.28,62.0,36,80
S0913,4.9,86.0,64.0,87.0,7.99,8.64,21.0,49,74
S0914,7.3,84.0,86.0,59.0,7.19,6.52,58.0,51,79
S0915,4.3,56.0,85.0,50.0,5.47,4.91,56.0,27,66
S0916,5.0,71.0,100.0,71.0,7.25,3.27,9.0,9,75
S0917,5.6,69.0,72.0,71.0,8.28,7.49,13.0,55,69
S0918,4.8,71.0,85.0,80.0,6.55,0.82,86.0,39,81
S0919,3.7,76.0,76.0,86.0,8.62,7.11,70.0,1,77
S0920,4.8,72.0,94.0,71.0,8.55,2.75,34.0,7,75
S0921,6.4,54.0,64.0,100.0,9.0,8.63,40.0,26,78
S0922,2.7,87.0,86.0,75.0,7.37,5.9,22.0,7,71
S0923,4.7,65.0,72.0,67.0,7.7,7.11,44.0,52,68
S0924,3.2,81.0,74.0,48.0,8.7,5.7,21.0,7,60
S0925,6.7,100.0,76.0,68.0,7.54,1.12,0.0,8,75
S0926,1.8,67.0,79.0,67.0,6.4,3.35,9.0,16,61
S0927,3.5,48.0,73.0,86.0,6.46,7.18,35.0,3,69
S0928,5.2,75.0,78.0,79.0,7.29,5.92,12.0,45,73
S0929,7.3,91.0,99.0,54.0,5.45,8.45,34.0,10,79
S0930,4.4,100.0,90.0,75.0,6.83,6.51,14.0,50,77
S0931,3.5,63.0,88.0,82.0,8.32,3.08,19.0,7,72
S0932,7.9,84.0,68.0,95.0,4.37,3.51,52.0,21,86
S0933,1.9,72.0,62.0,85.0,8.84,5.76,40.0,53,66
S0934,0.5,77.0,89.0,83.0,8.35,0.5,35.0,37,70
S0935,5.3,100.0,88.0,73.0,6.45,9.68,53.0,31,82
S0936,3.6,60.0,97.0,78.0,7.65,6.6,45.0,23,75
S0937,2.7,81.0,66.0,91.0,7.0,8.57,64.0,57,75
S0938,5.8,84.0,72.0,52.0,8.48,1.55,26.0,27,67
S0939,4.9,91.0,50.0,67.0,8.18,8.61,26.0,56,65
S0940,3.5,79.0,69.0,60.0,5.32,11.08,9.0,22,62
S0941,2.2,82.0,90.0,78.0,7.7,2.2,26.0,39,72
S0942,6.1,73.0,68.0,90.0,6.75,7.43,54.0,57,79
S0943,5.7,81.0,85.0,63.0,7.1,5.5,61.0,27,77
S0944,4.3,74.0,72.0,36.0,6.13,1.64,54.0,54,61
S0945,7.8,85.0,80.0,66.0,9.1,6.73,0.0,49,75
S0946,2.6,74.0,58.0,86.0,8.25,7.58,57.0,4,69
S0947,1.8,83.0,76.0,80.0,6.11,4.0,0.0,24,66
S0948,3.3,78.0,30.0,78.0,5.4,8.41,53.0,23,61
S0949,4.4,92.0,72.0,68.0,6.54,1.33,28.0,48,71
S0950,4.9,77.0,51.0,53.0,7.52,1.76,49.0,19,62
S0951,4.1,57.0,93.0,80.0,7.29,5.84,8.0,42,72
S0952,5.1,93.0,87.0,59.0,8.5,5.56,58.0,3,76
S0953,2.2,67.0,82.0,100.0,7.95,3.71,6.0,27,72
S0954,7.1,70.0,98.0,81.0,8.16,7.52,22.0,3,83
S0955,4.4,71.0,61.0,63.0,7.39,6.83,15.0,28,62
S0956,6.5,94.0,100.0,63.0,5.33,7.65,0.0,17,78
S0957,5.1,52.0,89.0,71.0,6.77,5.19,37.0,31,72
S0958,5.3,100.0,71.0,68.0,8.27,7.01,71.0,10,78
S0959,5.5,91.0,92.0,89.0,6.94,4.39,88.0,49,90
S0960,5.3,81.0,58.0,75.0,7.6,10.63,37.0,22,70
S0961,5.7,77.0,63.0,61.0,6.62,3.47,57.0,30,70
S0962,6.9,81.0,66.0,100.0,5.76,10.76,40.0,49,83
S0963,4.9,84.0,67.0,73.0,6.85,5.59,45.0,21,72
S0964,5.8,86.0,59.0,84.0,7.37,2.06,28.0,36,74
S0965,4.3,85.0,93.0,63.0,6.21,8.92,39.0,53,74
S0966,7.1,79.0,71.0,77.0,6.72,5.81,46.0,23,78
S0967,3.3,76.0,80.0,77.0,5.87,7.63,23.0,38,70
S0968,7.7,76.0,66.0,44.0,8.34,8.56,33.0,12,67
S0969,4.4,76.0,48.0,100.0,6.65,6.34,34.0,25,72
S0970,1.9,92.0,79.0,91.0,8.74,4.02,52.0,54,77
S0971,4.7,85.0,46.0,66.0,8.83,7.94,14.0,57,62
S0972,3.3,43.0,74.0,55.0,6.9,5.5,34.0,20,58
S0973,6.0,86.0,54.0,77.0,5.79,7.21,73.0,49,76
S0974,3.3,80.0,100.0,73.0,4.5,0.5,58.0,49,78
S0975,3.7,78.0,89.0,77.0,5.23,6.62,62.0,42,77
S0976,1.1,73.0,77.0,75.0,5.35,3.9,35.0,7,65
S0977,3.7,91.0,94.0,80.0,8.65,9.63,41.0,29,79
S0978,0.5,89.0,62.0,94.0,7.14,7.06,55.0,48,70
S0979,1.6,69.0,83.0,81.0,7.47,6.1,66.0,29,72
S0980,5.9,83.0,78.0,56.0,4.34,6.72,0.0,13,67
S0981,5.9,66.0,79.0,92.0,5.56,3.0,9.0,3,77
S0982,5.3,61.0,94.0,97.0,8.06,9.56,61.0,2,85
S0983,2.8,70.0,86.0,100.0,7.34,10.48,29.0,16,77
S0984,4.4,88.0,79.0,55.0,6.82,6.48,22.0,30,67
S0985,4.5,89.0,50.0,76.0,7.68,9.48,10.0,38,65
S0986,2.4,84.0,61.0,41.0,8.96,4.08,24.0,6,54
S0987,7.2,87.0,73.0,80.0,6.73,3.51,7.0,45,77
S0988,6.1,84.0,76.0,64.0,7.08,5.6,77.0,7,78
S0989,4.1,70.0,58.0,100.0,7.23,6.59,35.0,5,74
S0990,4.5,83.0,100.0,60.0,9.87,4.52,34.0,56,75
S0991,4.9,88.0,98.0,47.0,4.48,6.84,47.0,7,73
S0992,0.8,87.0,84.0,65.0,7.82,6.27,54.0,34,67
S0993,4.1,92.0,76.0,42.0,6.86,3.0,54.0,32,66
S0994,3.3,86.0,72.0,83.0,7.68,6.8,56.0,49,75
S0995,2.7,82.0,61.0,41.0,6.21,7.66,22.0,13,54
S0996,4.0,91.0,76.0,72.0,6.94,5.93,29.0,30,72
S0997,7.7,78.0,79.0,41.0,7.85,8.38,50.0,25,71
S0998,5.7,67.0,56.0,67.0,10.74,2.46,24.0,21,65
S0999,3.5,76.0,80.0,97.0,7.97,6.67,35.0,60,78
S1000,5.5,69.0,73.0,77.0,5.98,2.57,43.0,59,74
